,Top_X,Top_Y,Mid_X,Mid_Y,label
0,0.013201768597483782,0.009341757382949437,0.038020214282687946,0.08202443559102657,0
1,0.0061883447241762556,0.007891184572093767,0.00264853662004308,0.01325730529433854,0
2,0.12888940107390784,0.04938243375639868,0.08009217512201197,0.09819590724861231,0
3,0.007370044660586518,0.0069644995016245465,0.05315710016233052,0.05453929316607267,0
4,0.0053643005289235185,0.0036043714269956848,0.016130256823286636,0.019257544614375663,0
5,0.009279607271383373,0.005710402407201606,0.006783315891626802,0.03234586103194535,0
6,0.006267225918483059,0.0040858578541766305,0.01067082930608306,0.038657712226097464,0
7,0.006880072016083993,0.00358465011488217,0.011917497596861237,0.026788483968786584,0
8,0.00615166120069374,0.017641809979627315,0.020522579488491552,0.045370846422608975,0
9,0.0075938345867643565,0.024684301586261503,0.011512130537823581,0.028331600451103764,0
10,0.015855031699064066,0.008631009727864711,0.0032144435696208865,0.007885343298893134,0
11,0.0015860113804022375,0.0029182302947043217,0.0028670829442228366,0.005199925475691071,0
12,0.005059488363122383,0.005884441695205433,0.006991568506302892,0.017136585741870197,0
13,0.08811251419492208,0.03740678395454903,0.005440001966835762,0.013010283848644746,0
14,0.06411805384236359,0.02839229474269637,0.0048379075843011585,0.011689811860045113,0
15,0.08727684654240683,0.038769043738051484,0.0068506004863310805,0.017982282290368773,0
16,0.0021012603181315205,0.002360973654523386,0.006768765512035948,0.01843338540644483,0
17,0.06269228309286905,0.02774474353730542,0.04574745040007143,0.04662270636269661,0
18,0.13175055930258212,0.056374327000874365,0.04795314857401822,0.050940864191849705,0
19,0.0013895060357262201,0.002789055033038192,0.005081806759916228,0.011675552471718368,0
20,0.0037513143558536143,0.004450685467904412,0.06734417822048201,0.06986822595507662,0
21,0.10407540858509101,0.04650698160894008,0.09393253605960955,0.0858548281244994,0
22,0.0015718939150304392,0.0025375255499845073,0.008743212142764712,0.014445893445166743,0
23,0.0008948488465444143,0.0020416272838041554,0.008307882947370851,0.020083650678466528,0
24,0.0019554363038836015,0.002665150009787296,0.0070939462976592985,0.01730508519294175,0
25,0.001671289884054599,0.004499002199816181,0.010501404308730257,0.020462053957848735,0
26,0.0943863837509719,0.034652576234640076,0.17220153201085683,0.21517856478934308,0
27,0.03762828992949098,0.017013144034636545,0.15060709336098588,0.2109889005672357,0
28,0.022893825129954425,0.0056834419401745094,0.15670872169981517,0.13219689266772458,0
29,0.09237488294243332,0.05685917253130914,0.12267431817700088,0.08319332599195096,0
30,0.008010837994693758,0.011273997719295013,0.20730701108499233,0.1968152026840443,0
31,0.009358175346518503,0.007094754312332666,0.16182069684891798,0.16640065412660437,0
32,0.0068891626787488565,0.0035674701260401663,0.13022764836164866,0.18805886466330135,0
33,0.0060138158265456276,0.002774189028113461,0.0676515470955174,0.15960145009787954,0
34,0.004212097998305024,0.0033403360595227823,0.17150077385276943,0.1744173801410688,0
35,0.0033732181700929557,0.006617592695330035,0.08462856592248283,0.1653939274239942,0
36,0.007794184635286987,0.02301546697824841,0.008021426211319833,0.016552888256761468,0
37,0.014940783892407246,0.005786448545307032,0.01649105007300287,0.019664242158286584,0
38,0.040743434254395514,0.01660925050291045,0.021443173057686508,0.02076246294818749,0
39,0.11949673704586687,0.05018293566677927,0.0020943126329810275,0.004060040879975218,0
40,0.0017362037012346953,0.0018427038980679026,0.002046694280051248,0.0036590256638993003,0
41,0.002489346298356522,0.002207886705676712,0.0021251966745103323,0.003713511832797243,0
42,0.001914675114898195,0.0023205948979796807,0.0020979936852691776,0.00361615258891461,0
43,0.002215266893041886,0.0024527674274031903,0.0021528524479284316,0.004191482496664974,0
44,0.0013456223795988832,0.0018097091641971648,0.0020889841060515663,0.003623007241847593,0
45,0.000825061829997979,0.0020118975045956256,0.0020382992722322267,0.0034454978706363387,0
46,0.002030291862765292,0.001972159726963783,0.00222607690373543,0.0037039548679102504,0
47,0.0026972907201636602,0.004773954620869075,0.002123582396514762,0.003588932262192854,0
48,0.0035989824808019496,0.004295060247898893,0.0024685956199234217,0.004787793632133088,0
49,0.0019902023389078262,0.002111047545445253,0.0022494474249070855,0.003924500136737339,0
50,0.002378025832221022,0.0027034424599416728,0.001990633072023777,0.003909418610898074,0
51,0.0019253916637881412,0.001195652173913044,0.0018898871726579925,0.0033094211625300752,0
52,0.009688035130580301,0.007739099902235815,0.0020658733377102926,0.0038173690204360996,0
53,0.002514362038550801,0.0034523491358444077,0.002742366884953077,0.0040632406261053855,0
54,0.006178916761510807,0.005609790927771561,0.003484976575013826,0.0039518008146462716,0
55,0.002113465224169114,0.001525616179088929,0.005735959777395685,0.016392515236094658,0
56,0.0007442048628670297,0.0015811388300841916,0.003920725066618538,0.017488248822592485,0
57,0.0019750675007130848,0.0025356624619580163,0.003971779738801327,0.016788394474633865,0
58,0.0023679096023230518,0.00253659417702233,0.009447258113921537,0.02251511779450792,0
59,0.0019571892726837573,0.006212410592404536,0.004480180404950833,0.01830874934170728,0
60,0.0025773360626232134,0.004244700910818838,0.005143016360459171,0.018785866766538407,0
61,0.001657381543352906,0.002480071802119301,0.007162262978552024,0.02059373883963485,0
62,0.004826907890204798,0.003964933723644348,0.004584221762004688,0.01778654150196531,0
63,0.0027248035128818707,0.007553839519964916,0.007472055852019088,0.0201714063285216,0
64,0.1119478524739326,0.04064813395410484,0.005477069044877863,0.0221646400047608,0
65,0.11999102618480852,0.04228937019817196,0.005498784003250469,0.02093118168498087,0
66,0.08891145546879912,0.03818111747407346,0.005514664326479438,0.01984051486846414,0
67,0.12021196129279349,0.05148049165260517,0.005029917353904107,0.018912543721533163,0
68,0.10840797523545122,0.04761460157928317,0.005289136574758422,0.021034560632939164,0
69,0.010378799484429654,0.007440691778315145,0.005088045107684551,0.021580398758735006,0
70,0.010694584735331225,0.008217132501100536,0.006098050015518859,0.016099436991881932,0
71,0.011366509176708464,0.006253732344925386,0.004850119849183149,0.020636263894504486,0
72,0.10842507985879847,0.04853053333115583,0.0038884479467831716,0.012167991572301138,0
73,0.081684700284882,0.03812153482966519,0.007122531338990177,0.026162797365219474,0
74,0.01357781263255513,0.015912241604885514,0.06927964395993504,0.14499571403612896,0
75,0.11307407255765428,0.05456177453195244,0.03945109490101496,0.07748672061363533,0
76,0.04046241206506919,0.020229484461743004,0.04006959823022888,0.07768384803642704,0
77,0.0015259528944039024,0.002146567136753428,0.0025327078500091533,0.003532190610711285,0
78,0.0017631535844657017,0.002648250840494098,0.03335513690198772,0.0641691666384249,0
79,0.130357289695208,0.07016659220473594,0.08090185250888263,0.15987767062731867,0
80,0.02075057637158752,0.007882495982311251,0.010169010726197506,0.015573397777507773,0
81,0.002940890004608207,0.0023149877412128863,0.008590477070355072,0.019653063658196374,0
82,0.0035060695950718153,0.003240880764320774,0.002502399397275383,0.00387603269975925,0
83,0.0030920935503321208,0.005361021190422472,0.00205463776641187,0.003381465661352121,0
84,0.09341275647738019,0.03837713929432311,0.0019970829206730155,0.003512736749416231,0
85,0.07250004730143672,0.029247089590716716,0.0019741991482856705,0.0034393200629301776,0
86,0.0020848759720736554,0.003290086501468545,0.0019850262512387507,0.003364652800633232,0
87,0.005114766540389572,0.004782608695652174,0.0021484674092256506,0.0037233615927135563,0
88,0.00202733379208427,0.004537441381562448,0.002744866764127552,0.006436948812822999,0
89,0.0018323042379205991,0.0024542120731124648,0.002009067237794892,0.00445466557315136,0
90,0.0016005400323208857,0.0026673656141351677,0.0018462879378688224,0.0037747294248228957,0
91,0.0027260617921052136,0.002077765085487914,0.0019466477816322866,0.003731919234391694,0
92,0.001344985096882779,0.0021009494657999307,0.0019593782782585337,0.0033586780638346354,0
93,0.0018798804795209533,0.0023724553575231824,0.0017892185878217522,0.0036873307849419174,0
94,0.0012171612389003713,0.001928543923149292,0.0019245008972987553,0.0034612355061066657,0
95,0.002294727660157843,0.0013697377393063787,0.0020762224323220705,0.0034891135039545867,0
96,0.003341810209041046,0.0022481876759040736,0.001983297886739302,0.003696611128781205,0
97,0.0021296296296296393,0.0051119323696607,0.002128421557510312,0.003695012732403991,0
98,0.0032623617388674486,0.0038158212082569777,0.002156831110438985,0.004234389768405242,0
99,0.002413453945102377,0.0023584702356722626,0.0018257418583505608,0.0036392758788659045,0
100,0.0016651227416787995,0.002327711744605317,0.0018513888310040514,0.0038269514833552056,0
101,0.001759259259259267,0.0021766287385326976,0.001863850020753506,0.0037341346808524114,0
102,0.000757903034432635,0.0024183255936181458,0.0019155704505164086,0.003740773147747816,0
103,0.0013468960404420722,0.002142159396708695,0.0021219668904638865,0.003962250988043226,0
104,0.0011188005531105917,0.0020479830088496447,0.00183651052789447,0.00411352373333689,0
105,0.0009658077637337301,0.0018064419487428037,0.0021376659964102247,0.003672240421928568,0
106,0.0011482974813279677,0.0015871054129081726,0.002103299387333435,0.003485725685402567,0
107,0.0005616944773371545,0.0013970668707008404,0.0017925696356044616,0.0035033065666325797,0
108,0.0005707790743489784,0.0014063386077944175,0.0020667031723843408,0.003966423348269039,0
109,0.0010678298698769302,0.0017027443655144186,0.0020150326679608103,0.003670309526822539,0
110,0.0012234841969747288,0.0017234346065633538,0.002165162504157637,0.003517778234213174,0
111,0.0012783144337349724,0.001852296382968764,0.001964621940475733,0.003618112386324615,0
112,0.011096827238447257,0.012794637197700997,0.05271916823688019,0.04923380333982281,0
113,0.04122327874590296,0.0219334252176202,0.09373855668614807,0.08745461961207872,0
114,0.004184324723082946,0.003229925643066005,0.0023909695217154718,0.004572199629477666,0
115,0.0023047931209958677,0.003444469005475097,0.0028200487402027974,0.003852183727536804,0
116,0.003114471289463822,0.005611264999626218,0.0019681099537687146,0.003620397475802574,0
117,0.003294266957515745,0.0038967050207712127,0.0020056504543055358,0.0036587027564579976,0
118,0.003366858161852108,0.00791570070052805,0.001942679975438179,0.0038690155935994903,0
119,0.0013758648608153104,0.0017873743296603864,0.0019020961652013173,0.0034424103526332715,0
120,0.0012995989673720454,0.002192852282807827,0.0019506075167750553,0.003501957324692821,0
121,0.001134023029066276,0.0017933135629252454,0.0018252722141348559,0.003763130760296884,0
122,0.0009559932962326049,0.0023403665717107395,0.00199922824616074,0.003621376358469051,0
123,0.0008374384484885122,0.001615877037752007,0.0018798804795209674,0.003285414867358694,0
124,0.0015477094895112403,0.0022602423879252193,0.0018215107011950084,0.00328181677749665,0
125,0.0015827646802104745,0.0020001181439585156,0.001801633917770916,0.0032324851588920508,0
126,0.0016866090850464672,0.0017807519492410813,0.0019231639739715192,0.0033569187645342813,0
127,0.0018341748910243362,0.00241588160553184,0.00196462194047574,0.003674170302287019,0
128,0.004933890803782422,0.005676993999430088,0.06456624292656014,0.06511727823232197,0
129,0.10851082326400487,0.04962179741633688,0.06798034392744587,0.0657733549053182,0
130,0.0018073353051799234,0.003146922161831719,0.0021903579703803607,0.003785980506182615,0
131,0.0011393028455757104,0.002201455954040492,0.00202733379208427,0.0036574108416025856,0
132,0.0008784104611578871,0.0021766287385326867,0.002108185106778929,0.0036259409834031786,0
133,0.0014569732046497061,0.001957729096072945,0.002061719154263325,0.004029369963932096,0
134,0.003646549753243563,0.007569151900410858,0.002151258922582093,0.0036259409834031846,0
135,0.11179915824041228,0.04358028789927555,0.002033245629896997,0.0039015531781930587,0
136,0.03779896827617765,0.015734610809158577,0.002000942850460593,0.0033115624899378924,0
137,0.09869555591414261,0.04085638085211052,0.002058389771139432,0.0037762940795739454,0
138,0.11512281716301974,0.04829735694725682,0.0019893405928882732,0.0034382893491376088,0
139,0.13065217727467002,0.05507185115982694,0.002068776302780593,0.003454743868724229,0
140,0.12338554116892031,0.05251554815225267,0.002104521880541766,0.004140719461150991,0
141,0.0029289131492653826,0.004310437063089801,0.0026349060261807947,0.004135580318972076,0
142,0.0027808624847557636,0.0018586638695477446,0.002328846361877298,0.004434729326193121,0
143,0.0020273337920842576,0.001673348295471816,0.0019811353107098964,0.0037141480894339247,0
144,0.005086865466507686,0.0035251593697633917,0.002293980313562519,0.004448295695384103,0
145,0.061474313504507556,0.030321801162016826,0.08656006026408375,0.08640240568922077,0
146,0.0038152193241127942,0.011490832213235954,0.08793192434841804,0.12969370088462023,0
147,0.04108557765637506,0.025674548090662382,0.16748951198661488,0.1694390416842615,0
148,0.01810245570651424,0.008890347561999865,0.07075943857993891,0.05505912786665507,0
149,0.010231711912940577,0.0067763697615727606,0.09776243215719133,0.07567700117351545,0
150,0.02159163170468554,0.005550507052911781,0.17274940221916307,0.17636375855263703,0
151,0.0048082219820072755,0.0027523833974811133,0.18783610022755703,0.15810509533858386,0
152,0.008683882078661841,0.008081432194468977,0.18412865276261484,0.2127721542002726,0
153,0.0037279300257773026,0.005233895995984865,0.006532471388509942,0.019240849837194485,0
154,0.10931065175501255,0.05073931205958328,0.010329283688083907,0.0054547459434998976,0
155,0.10328096708428698,0.04599275133978617,0.07863055424169828,0.07842274924563572,0
156,0.0077093551207997185,0.01089909033508417,0.005492075598155708,0.016582340231747646,0
157,0.13106275264282946,0.05745276271241641,0.0021899665204674246,0.005303635019818061,0
158,0.0027323444964330503,0.003421755704064613,0.005969601779404046,0.017815413029140404,0
159,0.06670733070526562,0.035456648361675114,0.06745465377200217,0.06660704249282376,0
160,0.0038875659125318864,0.004713181852613306,0.004659533054429632,0.01932564678913815,0
161,0.003146786197771564,0.002561622388791895,0.0037272400303938157,0.016167395835159644,0
162,0.0022372179225372377,0.0027416310187043953,0.002961515850318425,0.010160689101855976,0
163,0.0066745067069051015,0.006162573787792002,0.0035551215012835933,0.013739663583491546,0
164,0.012469853909159279,0.02061535619758046,0.0104991997866086,0.02291700320541113,0
165,0.0415616165448563,0.023144211735593927,0.11944292993584764,0.11879840074219682,0
166,0.006019942851402862,0.006617235614919937,0.0028997895008982845,0.0062105085040612415,0
167,0.0063221148204116945,0.004808968857715775,0.0024989709816398897,0.007086923179436106,0
168,0.002547558609666223,0.003530183113754178,0.0029560103613681388,0.011885460769097762,0
169,0.0019470881498726412,0.0022628544798496105,0.003349753793954079,0.014519558544951178,0
170,0.0016784562441456824,0.0030204876983241993,0.002265398459063329,0.00489806296345309,0
171,0.0027373602776100854,0.0029255086966569603,0.002140872096444194,0.0067252662437370745,0
172,0.0029074663829828707,0.004662777432361844,0.0024955378559886037,0.005771114761938391,0
173,0.00281365716935567,0.002450357791859897,0.0033292155635917444,0.011245562031593942,0
174,0.005243390247677314,0.003852490417854369,0.0032343853025455075,0.01135315550349675,0
175,0.0008784104611578872,0.0024933749646925923,0.002619241348187469,0.007963023003214074,0
176,0.003262624525265967,0.002087975294815064,0.0030123203803835517,0.01004844127328634,0
177,0.0036016019145882826,0.002412945552262887,0.0030516248567145354,0.010405416104607206,0
178,0.0013028932666176243,0.002084577448308465,0.0024941632825678825,0.004552259041602599,0
179,0.001850462441738633,0.002628997091836477,0.0023819883107935765,0.007190691840799357,0
180,0.002064627960321292,0.002356465585725962,0.002577336062623238,0.007976661372658633,0
181,0.004253216325131787,0.003044642634409917,0.002760129119661196,0.008321005374038803,0
182,0.005382967346042479,0.003122801684252179,0.002438896622502442,0.004808968857715775,0
183,0.0030793128052436836,0.0017754362599213369,0.003060601893519856,0.011644343572742763,0
184,0.001944885311572754,0.002728239216958939,0.003120796212287546,0.010851615614122763,0
185,0.003801261432388754,0.0029969265920455285,0.002611702060787368,0.004913235856179698,0
186,0.004122190609176297,0.0032586949270527387,0.0024240875137561354,0.00622039301209761,0
187,0.0022110056429961306,0.0026598250294230952,0.0025776686864953787,0.005676785879404371,0
188,0.09779746925734473,0.04004634602392177,0.011411900870647335,0.02036656049482617,0
189,0.09179885717331383,0.038454057728224154,0.13258956002118644,0.12620280472558806,0
190,0.003905168746101515,0.0036670891089638537,0.1531840669509296,0.13643203574700422,0
191,0.005971755652174072,0.009800707894652047,0.17668949305132015,0.1509650274351865,0
192,0.006618524736261041,0.0049108305905261,0.17600882062632997,0.1596955397198908,0
193,0.0032929654415400325,0.009170976245362632,0.1423455893375024,0.13723175415269634,0
194,0.040079631811500024,0.019243367256403944,0.08364330211694218,0.08389162544864581,0
195,0.09136216728178706,0.04563314820939867,0.17232983993243467,0.1706509207929621,0
196,0.1014257923707017,0.0424290523126693,0.1496929871363559,0.14970452151426403,0
197,0.007882452599598104,0.013132126294732087,0.17003429009454565,0.15782353423495527,0
198,0.009246379931526412,0.005933030478737293,0.09359870965954294,0.08719541911885,0
199,0.003501910119577139,0.006118706017372635,0.007395592429276546,0.023594168402567096,0
200,0.0018210399657688197,0.0032295598323571987,0.00600182871080138,0.019452635025923752,0
201,0.0048144586762874034,0.004150409367834084,0.0072749735432419095,0.023394274096271785,0
202,0.0017621808100002187,0.0023236476441773892,0.005863823899728175,0.018743303782230276,0
203,0.0027709793349324553,0.002572667883308533,0.0061106902211962855,0.019444433942446226,0
204,0.0029577500439285608,0.002784391412634435,0.005448820362890557,0.017118443717578685,0
205,0.00232589938649639,0.0025018896450165855,0.006464395468963018,0.020561758602420085,0
206,0.002045018035478436,0.002146567136753424,0.006977206668458082,0.022179613504263042,0
207,0.0010151459313826523,0.001517073593249386,0.005207623408406765,0.016338804171025807,0
208,0.0026982441071931687,0.002576797737202112,0.005526001637848923,0.017204774142897908,0
209,0.052732501697281275,0.029852583616535273,0.014302303957442787,0.028045795320523193,0
210,0.07977384657943705,0.04475803990464574,0.06743694662087932,0.06952031499207519,0
211,0.005322584332638809,0.007066053462236959,0.007772374666477691,0.017221659001163705,0
212,0.004708768052330115,0.0041660364992906086,0.006669238187173746,0.022915198727115883,0
213,0.0021789773718034135,0.0021037593499843325,0.007242492920514577,0.025256248174137987,0
214,0.0013347471927624053,0.0021244369875752303,0.007465512844418551,0.0257203864623601,0
215,0.0020749832663314637,0.002857269440890196,0.0070145840628479195,0.024519821463715355,0
216,0.0035779579741447754,0.003719551876580148,0.007294510027631052,0.024825430205277943,0
217,0.0025743405137884975,0.002467654649804028,0.006754437651169724,0.023563051400536977,0
218,0.0020294471396737,0.002504721439522374,0.007695107383305552,0.02581241403543039,0
219,0.002723859422013496,0.0023937734288636122,0.005710794053744174,0.016842285203869125,0
220,0.002395268541408162,0.0027230376121950817,0.00722150993638566,0.022801332332643788,0
221,0.006582024404960043,0.008924435985313284,0.06346978748335654,0.07006232035451979,0
222,0.004945172647166947,0.008380286752203018,0.012153425908642898,0.01854597567157323,0
223,0.011664682370935561,0.007441326893486656,0.04994946005384625,0.05381288908928887,0
224,0.03668015558095511,0.03218309211013411,0.07259171862663621,0.07223057950935385,0
225,0.10661755124225326,0.08545530771589585,0.08779874534695423,0.08460665967879703,0
226,0.03990061813864999,0.03436945521529024,0.15607208663854402,0.1444802545362191,0
227,0.14903884446846005,0.07616151626344052,0.055257611558197105,0.055008570392577553,0
228,0.08973634410898762,0.06321722684028604,0.02791570694253521,0.028070681110301178,0
229,0.02713139925969083,0.03464186879664559,0.008936696283660554,0.011181396580463594,0
230,0.016288613508864163,0.012487990450110122,0.005265091966493817,0.007556810671416183,0
231,0.02915705308936359,0.01670549981316217,0.037181823479443765,0.020777252811778,0
232,0.006343775234429867,0.00796064872773266,0.007820977910290442,0.017252708617239786,0
233,0.0067379165838010084,0.004132722478592791,0.008015010780105828,0.01584945121982948,0
234,0.009782353727219455,0.0037458231306718133,0.01146623838802068,0.021817684161134273,0
235,0.009415259918959418,0.0038888138739126797,0.011573407388206301,0.02018826794380559,0
236,0.08917887689945424,0.039119865722416367,0.10419634145216647,0.15818271780355853,0
237,0.12519423866013157,0.052342391022197336,0.10083015333556486,0.09738774983808549,0
238,0.12291566749960084,0.06837659810375159,0.02514014218279589,0.08354077991773096,0
239,0.04430253192205922,0.02741743060436516,0.011680914286706678,0.02509123239877278,0
240,0.034661452995094405,0.0207411128393523,0.0038210574596228464,0.006439884874923493,0
241,0.06626615805751608,0.03879475584773597,0.007104332224154918,0.007725653874480773,0
242,0.007585814499357049,0.01994782892991148,0.003257364769265933,0.005220786938488193,0
243,0.0039739377284953685,0.010685064572333378,0.0026283904226716017,0.0070170599566187816,0
244,0.002251733062168953,0.007154122900827971,0.0026662808362853396,0.006131244164886259,0
245,0.0020395607262605015,0.0065293433928517546,0.002743929576335791,0.006556249273545207,0
246,0.0015220149448856993,0.0033413969888998678,0.0025532732696628467,0.006173109255699092,0
247,0.0016128130644298523,0.002251338606218267,0.00247275968634082,0.005924860315168059,0
248,0.0026517716726964426,0.006814272523087377,0.002774689641439213,0.006032363880657227,0
249,0.0018907942459872435,0.003218933238034969,0.0024279748203791343,0.005336059873318949,0
250,0.048658107793528506,0.027998193973620855,0.042559447651046176,0.04477527377668324,0
251,0.09615670972838428,0.05009162210305166,0.01980178699450086,0.010448699958026093,0
252,0.002823694570736473,0.007116370009857715,0.0027523527782947112,0.006574784276291744,0
253,0.0014266472442045525,0.009768226142241671,0.0025542804118766226,0.0055869988156071314,0
254,0.0019815680147252583,0.007165673792978046,0.0035522264507209674,0.011672819963398761,0
255,0.0018725692977922892,0.0014824110540201999,0.0022421942026170875,0.005442820143575569,0
256,0.0013315317046109338,0.0034214104035234284,0.0021962213465445257,0.005547313251477595,0
257,0.0024466180011082648,0.013103304825634531,0.0034291776360024385,0.016332656583590576,0
258,0.0037702357539819258,0.010035146176821249,0.0030648008279864354,0.008086109118762208,0
259,0.00696958412537352,0.004928122301038061,0.0028017484253021526,0.005605787921698644,0
260,0.0010549055828611973,0.002301680162185463,0.002341695773291272,0.006255243547108971,0
261,0.0010492011462381727,0.003583990868878454,0.002781170767278171,0.007635047534276498,0
262,0.0032423276537914118,0.004038156853695416,0.003729309633556258,0.009978592397637315,0
263,0.005550769543406177,0.0115568578810668,0.007774470196179013,0.009083601419305094,0
264,0.10662372946253247,0.05049616766607445,0.0035384426138750924,0.007552275286546479,0
265,0.0673782878698239,0.03297884124335258,0.009554909538886082,0.015690848957937046,0
266,0.0032091048455083217,0.006147985976642928,0.0024647723790765046,0.005211046867165539,0
267,0.001860627355592357,0.0029866590573987164,0.0023457196227803664,0.005918475765560217,0
268,0.0010327291476739814,0.0024872073452110624,0.002224921200497337,0.007026650590823474,0
269,0.0010227186127025173,0.002454693432747002,0.0027925532957250865,0.009473123857227171,0
270,0.0024360827806396475,0.004466584609277394,0.0037018513886572643,0.01288499735738471,0
271,0.002471025511440398,0.0023739488769393005,0.002588290080697708,0.010111383466883585,0
272,0.001433242412658469,0.0017186291631349894,0.0029347616238379138,0.011283216034587644,0
273,0.002253635989122417,0.002029438355261669,0.0028499873655051743,0.011471279991800545,0
274,0.008578592521915491,0.03077780299013903,0.005074547152858506,0.008255719218273111,0
275,0.001428448946346437,0.002704753219999273,0.003577478708457262,0.016543178309570094,0
276,0.0012949728694108954,0.0019959789445457496,0.00284577274155381,0.008735641743625244,0
277,0.0058349498054245845,0.004661003404957006,0.003021130430969971,0.008768714795695083,0
278,0.002747364368615278,0.0024426309841569837,0.0022040149173337916,0.003996690502358738,0
279,0.0015587489267791894,0.0028987318783970915,0.002265398459063317,0.00789612381276665,0
280,0.001068632447870635,0.0032532519719804557,0.002533384773140302,0.008521489570436308,0
281,0.0010565297648589612,0.001982317865778082,0.00254688545372643,0.007391783871913036,0
282,0.001470445002304104,0.0018401374568530005,0.0029083508731061647,0.00793210198913084,0
283,0.001236033081182616,0.0019504737440137322,0.0023380317188276454,0.0063105292034802635,0
284,0.0017352158185366712,0.003980101736120282,0.0029707651903485293,0.008336892749600198,0
285,0.003912187702555611,0.013387315893901219,0.003677919507917695,0.013710395790823135,0
286,0.0020675326739920193,0.008754286014832371,0.0028469775564856593,0.0068736572842445125,0
287,0.0035408647119161965,0.00798184376367233,0.0023114790780192473,0.006169280258149374,0
288,0.0017342273731026931,0.003981882409568307,0.0025843121735097964,0.006293093402665267,0
289,0.001724808889833073,0.010605487754478666,0.003050219808131038,0.009244883119549964,0
290,0.0034852225762547107,0.0159382077106667,0.004225916187868161,0.007898667064692985,0
291,0.003772054488170663,0.004995508379509967,0.002449769732467215,0.006265811757101007,0
292,0.004948638809117137,0.023010641082433458,0.0032636754592681757,0.004543946304163686,0
293,0.001749975504433702,0.015615899996580846,0.0026414055575802588,0.004539784227444957,0
294,0.0017684942794538262,0.007633345165266558,0.0024518686359501682,0.00393532304719985,0
295,0.006685672496858778,0.020147612166022025,0.0030423395444917245,0.008850523037314033,0
296,0.14029790223571456,0.05580022342103505,0.03442699179510688,0.03752916320326421,0
297,0.008915758001468002,0.0070464634039236725,0.008968107645011306,0.007732990969758997,0
298,0.13123276554166902,0.05784406389413075,0.004313264703278556,0.006519927284551658,0
299,0.03802961628359719,0.01619929926837545,0.0029481690860972388,0.004522052664715155,0
300,0.007211054994169981,0.0036396005098713194,0.06570705970801959,0.06575673720397526,0
301,0.011234500067628616,0.006458936746411125,0.13659399101477454,0.12443268235702117,0
302,0.13203349821240729,0.05342313348097691,0.0998160688439056,0.09101255132702751,0
303,0.08589589793003581,0.03313531288976245,0.07046123519563735,0.06488826371144339,0
304,0.003062562112692832,0.006564713484836656,0.0023916865616241336,0.004693588515933176,0
305,0.003573882167175617,0.005138442534700536,0.0023114790780192442,0.004555891094758167,0
306,0.005607320562955855,0.00355353334638305,0.0027185033807228037,0.005394634315232596,0
307,0.0007184135089359423,0.002214298781246017,0.0021872244094477173,0.004243587400592218,0
308,5.438959822042073e-17,0.0024377892926093292,0.002318515560286825,0.004233552629163143,0
309,0.0021150872238124598,0.00864468760676322,0.002435730821845526,0.004617198882423066,0
310,0.014232719409278912,0.009290140514278957,0.006306228549499181,0.01734245857902557,0
311,0.015483131668210541,0.009531313431410608,0.010193515112214021,0.021410339710122198,0
312,0.0040362299567014825,0.004098561230333175,0.002645621690443244,0.005237957653329378,0
313,0.004960405642955144,0.006397364769374854,0.006863603535894421,0.01938296759766805,0
314,0.0064621404549312636,0.0044687002208154535,0.008927865933326777,0.020600278046098302,0
315,0.002439599575859731,0.0037675236435272532,0.005199879971179881,0.007556185262934491,0
316,0.0012015650516672804,0.0021537104747559937,0.00210329938733343,0.0035485426599453198,0
317,0.0017188337833426292,0.0018970427687694915,0.002154046818310419,0.004067309389642931,0
318,0.003372964000016098,0.002126104738967154,0.0022812379619916463,0.003916061637967792,0
319,0.0022619898495707335,0.0019260918637684003,0.0021388688471082797,0.004273826793769025,0
320,0.05257292929232551,0.024150892229131783,0.0021073716068038995,0.003666766911615874,0
321,0.11663108657923472,0.049541804157380485,0.0018550897618960012,0.003889117675629791,0
322,0.00510301962840105,0.006466249442493846,0.002258196471336141,0.004530144779168415,0
323,0.05419888247421756,0.022912775346999748,0.0026498311150470687,0.004548883824123079,0
324,0.005266394481688846,0.0021602833602556324,0.0022509714409524478,0.003654825641886329,0
325,0.0021710939256557264,0.002172825815081442,0.0021037069640037274,0.003967614645291922,0
326,0.005392991946954662,0.004622313760342847,0.00790070407169717,0.019690600657504286,0
327,0.08103667521416956,0.03946367763592219,0.04509339112533501,0.04959033497821342,0
328,0.06314655966287092,0.028683338926057227,0.014553128626246362,0.026984864132500782,0
329,0.0033815950652295915,0.004459966855014297,0.04723843222142324,0.05166614325811674,0
330,0.0018191558059618936,0.0028281764850560187,0.08634531075058181,0.08383824668255709,0
331,0.002521852368597049,0.00512163024908257,0.009235896451603725,0.024869650729558063,0
332,0.007106624742192136,0.004535878812022369,0.16577034186315298,0.15069557534055594,0
333,0.006432353493688294,0.00485518061744126,0.13281505494597284,0.11660302972325684,0
334,0.0017577966629754576,0.0031000182937444285,0.1756000197637093,0.15318842722087245,0
335,0.0031227186460058187,0.004867089821138722,0.17798275702152208,0.155401744740627,0
336,0.0024831393024980285,0.005224406515620096,0.15403822366030612,0.13529767468455345,0
337,0.002568672723614752,0.0031872115681799793,0.18062163083467392,0.1592414749790304,0
338,0.0018532402202976748,0.002800047258580392,0.14338375393200017,0.12473281463696304,0
339,0.0028619949491854643,0.002591884236253592,0.04846176352554132,0.042274867962509795,0
340,0.0030862654282405614,0.0029174204624992724,0.11654748468567193,0.10134208104881383,0
341,0.0017282848289363183,0.003576400805574957,0.1741590562851826,0.15237928687962576,0
342,0.004211080165364009,0.0025973485098583723,0.16629110979291442,0.14615677517671463,0
343,0.0013658584381174663,0.0019763488131855633,0.1460618785289181,0.12812921577738542,0
344,0.0014374235829870397,0.0019038812213749,0.1283975575493416,0.11302046170364506,0
345,0.003107581772356013,0.002339861692711942,0.11773469104726318,0.10578639264841777,0
346,0.001303551127435418,0.0019715605594801166,0.15406342333201334,0.1353091311186469,0
347,0.0022494474249070886,0.0017370911957367858,0.10624171072320744,0.09343252167131162,0
348,0.00181490929459284,0.0020924971740579365,0.15308126982576203,0.13457228505707275,0
349,0.0017033010796395512,0.0020936261178541526,0.12830058103785114,0.11277977184592168,0
350,0.002257816782981835,0.0030185312969930123,0.12924640443348862,0.11381280853894973,0
351,0.0010117621021961329,0.00160339903605094,0.0021122479070531572,0.0037432989908092536,0
352,0.0014935848186243927,0.002494322475638706,0.0020963584600127206,0.004135580318972079,0
353,0.001954559229919825,0.002109927923226252,0.1202064339488058,0.10514834466425647,0
354,0.0034896476331524534,0.003758418402026056,0.04815836786127337,0.0427356692835333,0
355,0.09913644627191287,0.0415888656122183,0.16099701685927517,0.19064410522810052,0
356,0.13212603488582486,0.05463348838331722,0.0944794415912897,0.18815501843980453,0
357,0.10510273241995147,0.0500502110833671,0.05518627267136299,0.12137770495020576,0
358,0.05282624480234891,0.028421657986861314,0.0749538266647357,0.17277989538579833,0
359,0.003759988982267951,0.006269393352284657,0.002769741461591739,0.005754508382970573,0
360,0.0022253065015999697,0.0034082630603940894,0.0026071022548708254,0.0043865126676829475,0
361,0.001734227373102684,0.002036412390782092,0.0019506075167750512,0.003634728000421917,0
362,0.001978537099348398,0.0019273182834175196,0.0016244657241348273,0.003659348542846672,0
363,0.00218840002060998,0.0018298356966538246,0.002266911751455911,0.004080649620250614,0
364,0.0036027919367303115,0.00255977683928086,0.0020188582792545584,0.0037834831572920082,0
365,0.0074478065008111854,0.002343393561428153,0.0018196270288181318,0.004022620349989702,0
366,0.03716159610358126,0.01749527346378955,0.003575800772691455,0.005860903431717396,0
367,0.004643313111663844,0.003947912276400659,0.004481519742720049,0.005742793626706555,0
368,0.00363194370677235,0.0019882689985477307,0.0023827080534631947,0.0037596756084174775,0
369,0.0012429499403370204,0.001765426203113267,0.0019633123378812664,0.003719551876580152,0
370,0.0013270169316553005,0.0019763488131855542,0.0017621808100002226,0.0039039749991452185,0
371,0.004209654785803459,0.00221323139203903,0.002216427630293664,0.004475833026984392,0
372,0.001435035834522922,0.0016839058026988818,0.001991924712522192,0.0037647002355956772,0
373,0.0010678298698769118,0.0019431913026162287,0.0018248024490481385,0.0037306526742892495,0
374,0.08476927452785031,0.0407371525203117,0.0017504653506306635,0.0034113814840163533,0
375,0.000992081128591032,0.001981125494021609,0.0019453260787878268,0.003555859936299301,0
376,0.0009240722185092372,0.0015440905093112812,0.001879880479520944,0.0038625975373250705,0
377,0.001005813008444466,0.0015417933240432268,0.0018867089817703622,0.003258694927052743,0
378,0.0013962766478625402,0.0015317990460828551,0.004606981640444307,0.013933154622395066,0
379,0.0055025246730730495,0.006468806933121143,0.003978034683751544,0.02564374400912029,0
380,0.0016202380898386768,0.002269631849763164,0.007015072935139197,0.01770705219799538,0
381,0.001653756583286278,0.0021602833602556303,0.006821755724590318,0.02062778880727415,0
382,0.0032229671339894937,0.0034217557040646085,0.0050305990992791354,0.01608343087099984,0
383,0.002483484542583471,0.003096586327055552,0.07600410383476443,0.07829125315998627,0
384,0.004489547378666902,0.004255542366345101,0.004880253315964606,0.016981934691315752,0
385,0.09963208209841219,0.04867788884086676,0.14042311258726908,0.14438534085586485,0
386,0.07085682253962228,0.03580092246226818,0.13673509026887268,0.13922516306417365,0
387,0.08488163508856697,0.04268828524949829,0.04368370933088615,0.04683907413457805,0
388,0.12961726131471465,0.06372131846737927,0.04406889947836873,0.047077390734156926,0
389,0.006856980062898701,0.0041705715791467285,0.0043887326116887,0.009223003828576033,0
390,0.0016759003476664914,0.0025818363652666387,0.002005650454305527,0.004019094312482295,0
391,0.0018880717186629396,0.00421481319675663,0.06225514450896928,0.06369910214725738,0
392,0.0014646029251626806,0.0013894348853282484,0.14504189712093177,0.1440277603335269,0
393,0.0017616942213370844,0.0023337946253895537,0.15201431011621813,0.15286793601051013,0
394,0.09135618011985029,0.04546792529491332,0.005453853044550261,0.009750430168398163,0
395,0.07899210774767154,0.03933037686602355,0.002070019184420349,0.003638301812056599,0
396,0.0015978595078600412,0.0013697377393063848,0.0027864063516746815,0.004819276432288653,0
397,0.0367352753178045,0.017922920978688646,0.002425501800640615,0.004348641227935519,0
398,0.10436270442104342,0.05157106426269624,0.0031535900677641506,0.004756599236313274,0
399,0.0034314270148182936,0.003187211568179978,0.0027557770719405534,0.005459508969243956,0
400,0.002150461717098878,0.0023764359901169,0.002709974969387195,0.00590408528583233,0
401,0.003978465696774529,0.003148048274647085,0.0021762214141366884,0.004220695702336315,0
402,0.003046845047951699,0.0031201521944363747,0.002084464713371144,0.0036690216988787463,0
403,0.03683663374595841,0.017430119727758837,0.002480029979021431,0.004517870418581373,0
404,0.0018402413809585074,0.0016048720717644998,0.002093084176936541,0.0035525357699783136,0
405,0.006478173759152511,0.0033572706981479313,0.013463294101587602,0.01772132525010581,0
406,0.011508555295654681,0.009365377859833898,0.010549624714588462,0.020028807230901884,0
407,0.003699302941049428,0.005927053415721566,0.002877529900187766,0.005651964879077792,0
408,0.002335830527328671,0.003882732847715598,0.0025408190248170787,0.003568794599865649,0
409,0.001522578132673671,0.0024431146255802275,0.002289491110995001,0.004098849485861908,0
410,0.0007921944309706494,0.0018964198684838633,0.0020111997797791804,0.0037372973261901163,0
411,0.002901267401968144,0.0023469201150582543,0.0021464712484218816,0.004253320730920201,0
412,0.005816112145912192,0.0036744918504697057,0.0023479115431677758,0.0046797233854238805,0
413,0.0017158384273923783,0.002076627518972047,0.001984594301227937,0.003444811994672418,0
414,0.0015146744479021203,0.0012619935020608737,0.002289491110994998,0.003975646563197385,0
415,0.0016064214419349583,0.0013356745355917984,0.002308138520400213,0.004609259604543811,0
416,0.0014278486315704682,0.001243128561347466,0.002435378812186669,0.004549403251338489,0
417,0.001778163538393754,0.0028402654366225426,0.0022714455794881202,0.004052759334461195,0
418,0.0032673510662917585,0.0027446459307976724,0.0022441052182223266,0.0040734049147174035,0
419,0.005868062404116099,0.007847043198334114,0.00887450611079639,0.020927851125737224,0
420,0.006382713064449963,0.007192006169423159,0.03612561437148746,0.08122041412771487,0
421,0.0050555894721423696,0.0054705345792007065,0.002411321604283984,0.004599508891347851,0
422,0.03702145505555834,0.01813615538985983,0.0023798277767337634,0.004373294968863645,0
423,0.001344347512065305,0.002344401689485723,0.002066288296705682,0.004358953152970569,0
424,0.0012058385626740576,0.0024411794849790998,0.002209065993843946,0.004421655764251959,0
425,0.0021797641482767176,0.0045899948725523325,0.0023347291533449208,0.00395717863634236,0
426,0.0021856559442697187,0.0024853065368744026,0.002605786533235233,0.004387859173736604,0
427,0.0382171930010292,0.018485228865242054,0.0026100602035428167,0.004212009116081163,0
428,0.00308626542824055,0.0026127685596534955,0.001958065168575749,0.004116968896196517,0
429,0.003347449533800975,0.0038417416891364815,0.002171488777696031,0.004152686059924031,0
430,0.001323782666715657,0.0019504737440137376,0.0023402308399146825,0.004562628665612035,0
431,0.0023762225212525015,0.002204137714023757,0.0020558891954791203,0.003981882409568306,0
432,0.0016064214419349583,0.0021487676162002694,0.002065043169568387,0.00403874196662375,0
433,0.001446935174490196,0.0024348796564509835,0.002206736164409809,0.0038108639847177607,0
434,0.0022059590077861645,0.0015653683502082354,0.0022414293401685536,0.0037722246273175957,0
435,0.0018379104853036383,0.0021944680405730204,0.0021344550805963715,0.004351900265036434,0
436,0.002249447424907097,0.0023669710570425515,0.0022059590077861627,0.004332036546789755,0
437,0.0022055703267845166,0.002178256530413109,0.002078286067094801,0.0036786694191857116,0
438,0.0013094570021973159,0.0017513160053150329,0.0021706990017914965,0.004153823938027288,0
439,0.0025982082039467704,0.0015661229264632907,0.0022509714409524473,0.0040710838860875155,0
440,0.011794057581624882,0.00707374067826669,0.009780951364882395,0.013273604006713177,0
441,0.13664021624999353,0.06391607505380438,0.004438846783588685,0.015209703026771132,0
442,0.013188448930226223,0.007971030961774822,0.018157924426506957,0.014524684028396753,0
443,0.0016428337123123636,0.00406730938964293,0.002698879511442468,0.005311871001348925,0
444,0.0024205481812891927,0.0024275903087206266,0.0017815353807200114,0.0041835825495572946,0
445,0.0011423089269104597,0.0022196280278980645,0.002237217922537233,0.004314820373807347,0
446,0.0024852100236104997,0.00232364764417739,0.002126809727246938,0.004755357142223321,0
447,0.0034647450356217555,0.002569451185581286,0.002132847809976424,0.004049551306564586,0
448,0.001977670270347605,0.0022328954982797945,0.0021766153360177425,0.0042660793349689795,0
449,0.000993807989999911,0.0016217158175268036,0.0024081195527882807,0.004190072884216593,0
450,0.0007921944309706378,0.001790676335670526,0.0023262679625840246,0.003894278678679921,0
451,0.0014332424126584596,0.0016326072483059623,0.0022379842242971665,0.003968210159688549,0
452,0.0012870037299180766,0.0015683844769937155,0.002314444414810063,0.0040507181561224605,0
453,0.0015499236673093349,0.0021874578040758813,0.002126809727246941,0.004492169199950383,0
454,0.0008626529406557162,0.0012582431416076388,0.002149265354437656,0.004969186717679318,0
455,0.001303551127435412,0.0018599347509745633,0.002420902347386816,0.004414703050554423,0
456,0.0019707219123882187,0.0020840106019490226,0.002340597159215658,0.004865147452580403,0
457,0.0014005681778658608,0.0019045016812973075,0.0024938195208292725,0.004826380719613977,0
458,0.001705313249366123,0.002287262336967415,0.0023003250202748766,0.004385704565615642,0
459,0.0014820600722012494,0.0016916060980400425,0.0021073716068038917,0.004094523522138546,0
460,0.08152051884735087,0.04368359124050238,0.05053571039068668,0.04814417442630963,0
461,0.053699345289298595,0.030627456886132567,0.051364007990736364,0.049840862063079576,0
462,0.0034441457457104617,0.002693372107253016,0.002782403555799386,0.004764292991899774,0
463,0.0017007825198120518,0.003493174549174708,0.002219906200517178,0.0046322715279338445,0
464,0.0030426213339189434,0.002401165438518979,0.002373695584320637,0.0040849902763232995,0
465,0.0025377803723149457,0.0027278061287401693,0.002575339417213692,0.004471343327582783,0
466,0.0013185913421420725,0.0018982879561492388,0.002328478193925904,0.003973565773048303,0
467,0.002046694280051261,0.0030146146853824033,0.0024713724437708424,0.004097696342081634,0
468,0.002810303402236153,0.001258243141607627,0.002334361913208422,0.004695350231838075,0
469,0.002316665926517937,0.001803823915557305,0.0025058231222275505,0.004487432566590562,0
470,0.0008374384484885231,0.0029731787804455133,0.002470331500610405,0.004424059927056279,0
471,0.0012241847319287766,0.0026419975830294564,0.0023255307519926744,0.004281560233609532,0
472,0.0013968905307886069,0.002107126264941978,0.002567671226641114,0.0048605312163490936,0
473,0.0029531086129890006,0.0037581040347132244,0.0025431799111263467,0.005377744166947858,0
474,0.006204671013585768,0.005765174765400825,0.002757332163239711,0.005385208685816355,0
475,0.002885266009422748,0.0025841234029772573,0.0022148798454468747,0.004409347349140068,0
476,0.0005616944773371543,0.0017946307232665562,0.0019038982462925684,0.004065275516906001,0
477,0.0010475656017578528,0.0009685508439106743,0.002215266893041874,0.004038156853695416,0
478,0.0008333333333333371,0.0014824110540202036,0.002328846361877284,0.004182735241690467,0
479,0.0006953697539080947,0.001902639694525309,0.001830431673059486,0.004852746576772191,0
480,0.002027756637806265,0.002165745526649051,0.0021997318704294936,0.004501102574440315,0
481,0.0018624695613461792,0.0022328954982797963,0.0021300321680756463,0.00464602397242664,0
482,0.0017043074614583082,0.0016505999367589731,0.0021284215575103115,0.0042763140674862464,0
483,0.03669123288531906,0.01820254661341678,0.0020294471396736977,0.00430220631839631,0
484,0.12818524671737583,0.06091745010904741,0.0023555672023937565,0.004087592457461802,0
485,0.004692352883467983,0.0024256427830892796,0.0020197074310394246,0.003997577243597113,0
486,0.0030063376130470454,0.0020282736846605723,0.0033051794578033635,0.008562154605786078,0
487,0.12297608419506052,0.06673845772214425,0.10373765978473375,0.1000690215487491,0
488,0.0035141298165586973,0.009448897476217426,0.004896563840956187,0.008509002238372462,0
489,0.0038082467730210195,0.007383787738082576,0.0036307632394525806,0.0047124297691236335,0
490,0.0017949594108764826,0.006447219180443653,0.002644649333280686,0.005772547638450923,0
491,0.0018830701953905329,0.0015871054129081763,0.0026368575677589126,0.0037369811821024016,0
492,0.0015038815804298137,0.002489581314774301,0.0025962276104403085,0.003953594234668086,0
493,0.11449016975790287,0.05610896517968381,0.002625126556489364,0.003634077838892609,0
494,0.10594181278170227,0.05084833261825515,0.0030006286492682338,0.003728118263212561,0
495,0.0020209804897419713,0.002246610553524142,0.0026643508462848436,0.003645114813525179,0
496,0.06082095820912389,0.028897511356012793,0.0028096931963007637,0.003677063223667858,0
497,0.003603029893993344,0.004016153583097218,0.0027845596224195497,0.0036318013569588696,0
498,0.06981038152738193,0.03408190263111086,0.002643676618480427,0.0036748133705167287,0
499,0.001970721912388216,0.0021471174680371113,0.002649507550589538,0.0038269514833552043,0
500,0.0010979154709467919,0.002205209504854913,0.0027172416014110594,0.00379626470479663,0
501,0.0019342767671140031,0.007452591181053021,0.007475038479790483,0.013144446166665045,0
502,0.09687602382307785,0.046711771568038116,0.006557490821271215,0.01301754668665069,0
503,0.12958480044953027,0.0624659264397282,0.007702345856117006,0.015166919404889205,0
504,0.08280174066942989,0.0386164308741675,0.1150032652962801,0.11384983103397663,0
505,0.0038928551203010796,0.002039890467425308,0.019921399045189962,0.019918311435329617,0
506,0.0897637407282021,0.04241392930236227,0.156197122740028,0.13668820334556098,0
507,0.14489573634507733,0.06400097101850989,0.18541430270837797,0.1400442054838508,0
508,0.07058828345637025,0.03185027442733278,0.21203537521587176,0.20795543546153397,0
509,0.004931109775841461,0.004370592567957468,0.0174466165982698,0.02089576028125249,0
510,0.09139112159079865,0.04127533305853058,0.036086838946218544,0.03196487616319739,0
511,0.06443443941067038,0.03152035229333029,0.00432001752778032,0.0057246606126856725,0
512,0.13222257884587243,0.06245245828879596,0.004161313433575445,0.005376865306970278,0
513,0.09311723586915695,0.043857449742553484,0.0039060468054147113,0.005537294078237556,0
514,0.0017747852900530604,0.003264128805976224,0.003093479580053587,0.004815597688388047,0
515,0.0019038982462925567,0.00247959536914937,0.0026212045524717253,0.004668601633233432,0
516,0.0024392481245036,0.0026415503553355074,0.0027814790156323824,0.004607464971039632,0
517,0.001617060110793785,0.004248595898382255,0.0025919311325505482,0.0043773454420564795,0
518,0.0013968905307885889,0.0041683046559847356,0.0029802735073020488,0.004925484440684518,0
519,0.0013913558337971792,0.0020340903690568,0.002808777638834546,0.004548364337588623,0
520,0.0011557395390096293,0.0020171757755934,0.003015165144810493,0.004732694073644203,0
521,0.001385799032138503,0.0018920538245140485,0.0028634923567850187,0.00420274237590895,0
522,0.00256533287988838,0.0028386010559131787,0.002737360277610089,0.004718443080505445,0
523,0.002034510217329216,0.0020947544532192073,0.002799605596365123,0.0044395221902680864,0
524,0.0019404721329525391,0.00227431204413601,0.0029177687512201332,0.004668601633233424,0
525,0.09936575271224656,0.04743152461612644,0.0027700509817873355,0.0047064087746258474,0
526,0.03784865355771177,0.01882400329868851,0.0031887361773560298,0.005168018198332766,0
527,0.05308912389035833,0.025552958462776443,0.0025991979347441078,0.004639916807154595,0
528,0.0013595670254057393,0.0025579299582039958,0.002796848118227639,0.004830051250770136,0
529,0.12173454192153102,0.057806489814295786,0.003255258487267957,0.005353302250998739,0
530,0.0034234225087659367,0.003487758771422854,0.0029693218801577497,0.005172360015364781,0
531,0.12926091079280275,0.06263771217699035,0.00283006347265556,0.0037074619488376855,0
532,0.07405696561687226,0.03557314942906317,0.003513153804925777,0.005064097655670012,0
533,0.11378952304828224,0.05523260232116754,0.002742366884953076,0.004250820003179715,0
534,0.10362060989788867,0.04971021887010176,0.002863791744349937,0.004410686884167821,0
535,0.10002065115982905,0.05211627250785901,0.012325044484153039,0.013937902384266648,0
536,0.0027619921837407973,0.006812538479106049,0.06534248172280781,0.0643492765700211,0
537,0.0022291558497487727,0.003071686051419919,0.002975379078106899,0.0055135595012923465,0
538,0.0013211895542027442,0.0021065654861522837,0.0027937810615772077,0.004348912907642647,0
539,0.0013334619279551682,0.002198233523495289,0.0026342551910402763,0.004604130224360879,0
540,0.1098026896684968,0.053518653003244245,0.0026162937796221333,0.004212289608147948,0
541,0.004333887270704155,0.0020329283636097545,0.002931546406711842,0.004436860127193528,0
542,0.0016360353898929544,0.002049712968056211,0.0026819904366593072,0.003718281103780308,0
543,0.07985061927860644,0.039287607054298054,0.0025902767434546046,0.00412385058741182,0
544,0.03773540652159182,0.019068266079183518,0.0026420546313233473,0.004222654716460048,0
545,0.1114290128158701,0.05540890273986247,0.002631650240894071,0.004547325186481257,0
546,0.134186563972021,0.06583120564786156,0.0023708043584189983,0.00426635627218471,0
547,0.13356929352526914,0.06552965100380537,0.0026553256783607327,0.0040878814864497865,0
548,0.1312991628480892,0.06531995558291123,0.0026608088954399077,0.004317831318704615,0
549,0.11126688925605313,0.05435058688639922,0.0023606571822188897,0.004528318791505812,0
550,0.0018327720801950202,0.0022222878587240097,0.0025435170017118597,0.004000531628187501,0
551,0.0011377968266152285,0.0016839058026988816,0.002603482420395025,0.004176799273835534,0
552,0.0034101237160216627,0.0023549609784091663,0.002574673524657723,0.004208361017957812,0
553,0.0024325609011333887,0.002262854479849603,0.002602164868478459,0.004551220779748145,0
554,0.0019620018611497397,0.0019894570888829505,0.0027323444964330455,0.00491203337057561,0
555,0.003590873968456541,0.002053743872575131,0.0026733455455731302,0.004748893015969795,0
556,0.0026143268876415997,0.001880780315074781,0.002475531839326082,0.004477944269095662,0
557,0.0022977146157472134,0.0017992331910050986,0.003019143311843379,0.00459796741482865,0
558,0.001496452137099036,0.0018832913713533593,0.002823694570736472,0.004109500726278271,0
559,0.004672762039248938,0.002877870064102984,0.0792787056448595,0.07823754181312385,0
560,0.0791300218416054,0.039342120652894635,0.07835904927681633,0.0983213910384093,0
561,0.01971274333158793,0.026018388146446168,0.035382245437239716,0.08550471471319727,0
562,0.044510483344623625,0.04737883761035225,0.029598334166968478,0.06442581202591464,0
563,0.13218236508930972,0.056603285656134344,0.037785788003352444,0.07845636813747658,0
564,0.039001468439872775,0.018985182262955917,0.048219889572073224,0.11066968341861881,0
565,0.09239915906184472,0.041954972938297884,0.06484585235696448,0.14212416860114646,0
566,0.002140071021730849,0.003831579555530481,0.010472709324886588,0.02546699929182974,0
567,0.0009305440389926791,0.0018751181437259032,0.004312071930604259,0.008486896382538172,0
568,0.0014451565196390095,0.002327711744605323,0.006445269210739193,0.011178331895670046,0
569,0.0034003045937959606,0.0026330385962851817,0.01042298162491716,0.02211826991186562,0
570,0.004059527904059902,0.004808723169981801,0.04742572345828619,0.05428809761387003,0
571,0.0035934993128405412,0.0032634048115554363,0.009334325344106534,0.04136720046246881,0
572,0.1513394811209334,0.0696779148277616,0.015400851080111432,0.026997864509822573,0
573,0.1613681432024412,0.09057485494234084,0.017736593886330445,0.026215309240276513,0
574,0.013641311921750858,0.024327825636275755,0.009905070683243753,0.01320649937375097,0
575,0.014279086744052302,0.009814561343571587,0.010004457168547993,0.014190008199547093,0
576,0.008734480652183884,0.007236714572731422,0.009275356378039785,0.016298912137379107,0
577,0.002389175980452088,0.003702040514331826,0.011050218948975708,0.013475280175321135,0
578,0.003498235886984687,0.008760491954317606,0.008792104264264041,0.011289810887152845,0
579,0.0019128831864617462,0.0022908753001487803,0.009833664638347124,0.015116669775581192,0
580,0.005109567668191691,0.004178778866682846,0.014672055220369596,0.020963274665187475,0
581,0.0030678763940669125,0.0032071664790273347,0.04928168871142361,0.04955899560492141,0
582,0.005697266689968583,0.004926443826054101,0.09733247716518424,0.08595382492305734,0
583,0.1853419244093429,0.07608854035618617,0.11281996869383017,0.10622551980857112,0
584,0.0034802992476543585,0.006282759137660186,0.011642390969629558,0.022376842100302094,0
585,0.11209892689116562,0.04823143442341978,0.10455479132768027,0.09496395197080335,0
586,0.0042035405417837745,0.003753385365416564,0.009199809146943867,0.02369605105368302,0
587,0.004302717104992704,0.0036499734571891367,0.007685519849919827,0.009176127900776983,0
588,0.002981999034904271,0.00273861278752583,0.01040956548074618,0.019838966544978565,0
589,0.00407870107621726,0.004340755119728799,0.0075811793169262886,0.012990381056766582,0
590,0.003559700516063155,0.003631801356958872,0.012180836215919954,0.02046719215308685,0
591,0.004477692000526337,0.002608242714302252,0.015554618578482888,0.026394518463403228,0
592,0.002929498522140056,0.0033215370983404897,0.12420282153765651,0.11937430410331709,0
593,0.00830013965208839,0.008894997638378968,0.17539118535785822,0.17274163235912332,0
594,0.004491074825297362,0.005813947443615801,0.0055424227492508055,0.007909877531977885,0
595,0.005906797832243907,0.010326201372363827,0.06091621559453112,0.059907793831977696,0
596,0.0021171129758559572,0.0022934525034613833,0.00898673004337106,0.01982770779034434,0
597,0.0024685956199234273,0.002056043698460977,0.005316943695454282,0.013497094135202508,0
598,0.001487833604278119,0.0025491389999040366,0.16442268165970927,0.15269116284130482,0
599,0.0012115131284293455,0.0022062807750200452,0.16134388782093426,0.1432869772344666,0
600,0.002362109447617537,0.002253436778720442,0.0023686336230103,0.006501054153286967,0
601,0.0013981174880131032,0.0023190670179294953,0.0023185155602868457,0.0074888070227385655,0
602,0.0004986263710309748,0.001964356294609999,0.0022939803135625103,0.006398288109896274,0
603,0.0017757511596701793,0.0019193325478174823,0.002382708053463199,0.006146448403534816,0
604,0.053667756168170475,0.021332999810326075,0.04499979042780037,0.0402237362797448,0
605,0.004817485014566128,0.0024666968951978716,0.14096538480043305,0.12427080314449446,0
606,0.010724205023599793,0.009429496615791384,0.17545821844460033,0.1675353911204519,0
607,0.012773080188561778,0.005735588498605075,0.09609127034200164,0.09951771697762446,0
608,0.0014669425479402656,0.001351502699336485,0.006456831432958044,0.03051263334998883,0
609,0.006406979219261556,0.004812652668631375,0.04970720167632737,0.056640072617246504,0
610,0.014390866921574185,0.010442705325630826,0.06913346419105758,0.07488579837146406,0
611,0.11641037398560218,0.046326974467657954,0.18906836970391575,0.17802673515795847,0
612,0.18476705109062136,0.07840786316225609,0.15652358079314205,0.13097038583578174,0
613,0.10386200715127959,0.04029522433204404,0.11679500583587904,0.1221765627130282,0
614,0.0032370349182127183,0.004150409367834086,0.05097247031257955,0.06476082942918032,0
615,0.1400025842403073,0.05994440556076961,0.15333390924028545,0.15404388322297025,0
616,0.13743046003090897,0.05965341772058572,0.19384740349981835,0.18177940577235077,0
617,0.1364943395621602,0.0598949142761192,0.10525248890051525,0.09013242463039732,0
618,0.0022962216236365367,0.003203111672363809,0.12664131623084302,0.10815688213479108,0
619,0.052924633242384195,0.02309397666132939,0.1358332386578478,0.12158934885199982,0
620,0.004172424005904476,0.0065769402967715,0.07553874858457021,0.06708529753647706,0
621,0.1233250330873997,0.05296865267638593,0.002746115850319223,0.008475473343312138,0
622,0.05521689990994871,0.02469980445802457,0.021015091905378272,0.017501350204461537,0
623,0.0017675244442948166,0.0024705256858533614,0.00400145721056169,0.010905809138613424,0
624,0.050636382274769014,0.02073484597071103,0.0026047993058714446,0.005112394590591139,0
625,0.0035190058142093115,0.00287170539426585,0.0041573970964154895,0.01085999578759662,0
626,0.12524013285650473,0.05392778988368734,0.003337189127951881,0.005891665318638109,0
627,0.10329559247067764,0.042960669136171505,0.004054033199812897,0.010341178902640084,0
628,0.013877773329774218,0.008695380430536552,0.002971342318122871,0.005604101590030284,0
629,0.012077638078854081,0.011635715989076473,0.0026139989284246564,0.004618989733975482,0
630,0.019921442081218314,0.013640156715972693,0.0033528236774093903,0.005562201968397057,0
631,0.013038273299970312,0.01057726545111923,0.003429427639840198,0.005791958769657639,0
632,0.009870387742323678,0.0067365001879765955,0.004295138732946098,0.010474336266649223,0
633,0.00911188268337917,0.007965693217228608,0.007520547983711597,0.01818338893799287,0
634,0.005563112144766962,0.00500023628931277,0.0046420204555198885,0.01021484704677637,0
635,0.0020315582888346556,0.002264941984426231,0.0025912695036610115,0.005568570660955031,0
636,0.0031900802179541245,0.0060478167098980224,0.0033353903118279768,0.009543577299674278,0
637,0.00628512080108449,0.003962847308460183,0.06252412428790843,0.0714093705626845,0
638,0.006679129297714122,0.0037331853647875426,0.1391379063946442,0.13521392243558308,0
639,0.006162243992962833,0.00450215239429703,0.15263300098732843,0.14816608917392807,0
640,0.002161992425584635,0.002197695992365234,0.06065815580422202,0.059727148187602414,0
641,0.00672326795253552,0.00403288701723242,0.14164495718431913,0.1378070553311942,0
642,0.0059825133842155605,0.003724313412828653,0.08425457862457321,0.08569987360833115,0
643,0.003041212125685351,0.0024411794849790902,0.10704060131192326,0.10385398312517477,0
644,0.001407285569775045,0.002010135000968137,0.002385225442494392,0.008363634262199283,0
645,0.0017796093959615814,0.0017694370213151836,0.10754922789008337,0.1059720956958131,0
646,0.0038674452884281158,0.002493374964692592,0.11856006216341171,0.11426323536694442,0
647,0.0076677624910175554,0.004697614324342158,0.1308550347654105,0.14590401653685858,0
648,0.0035396538700684047,0.0034816559517493405,0.05316234163297582,0.07383046857996527,0
649,0.004503846854450128,0.0030240060311399054,0.04574535139455427,0.05271562076811638,0
650,0.004872517481938582,0.0066034733370720555,0.15811544461930496,0.14646471119593582,0
651,0.0026349060261807826,0.0033364430988681477,0.16260135068793816,0.1467173011138249,0
652,0.13771282942486884,0.07721803698809557,0.1499296531431737,0.10986413245115012,0
653,0.21544792559218415,0.11924895920808584,0.13303888526720786,0.08783153502258423,0
654,0.1019440828196903,0.0511619015492224,0.2000969029648677,0.1511491113941339,0
655,0.0058550448391611115,0.006544705937122207,0.15668048380537689,0.1410323385270094,0
656,0.0027096585868084033,0.0035264997345912006,0.002428680934926664,0.004508446179840862,0
657,0.01542354701322415,0.017930566039244623,0.15141467670271483,0.22018676017707756,0
658,0.005902587142891151,0.011332114727472423,0.08769295792527756,0.15687058800158235,0
659,0.12923670608721946,0.06353126509532513,0.08432811594329588,0.15663499827404478,0
660,0.1169893098888009,0.0554063439414685,0.053920761861001025,0.0788515301032385,0
661,0.11402473830928996,0.05411128961239113,0.17821400953953964,0.2401330414566972,0
662,0.0024706785303937767,0.006196224229883415,0.07512162063958115,0.07064235717754075,0
663,0.0020533855746654615,0.007764704934646082,0.13966991510409527,0.13039811984739408,0
664,0.0019953649995631166,0.009860319361998618,0.1280555153852271,0.1196459115051015,0
665,0.0017997294416384273,0.006030405002904434,0.15323220296233866,0.14316881155172803,0
666,0.0039014347893612158,0.005254172884785351,0.15397017842303554,0.1475975455223914,0
667,0.0011806917132811021,0.0023714591553555863,0.1020787203963213,0.09966434689289796,0
668,0.0012890006337255302,0.0021944680405730265,0.044686858190351154,0.04340022888965977,0
669,0.0026420546313233404,0.00134975318054569,0.08597349617117911,0.08293993943737381,0
670,0.0032016156757999656,0.010385526863956681,0.09229585785520973,0.08324551453370382,0
671,0.001615468776856608,0.005257769478265326,0.054236359091132544,0.04856810742247565,0
672,0.0012682143457973189,0.0018285438957892075,0.0019541205453155056,0.004731695404278015,0
673,0.0018962275739862254,0.003715102270076377,0.08583042665580601,0.08244850028040361,0
674,0.002255157174573476,0.003971186392132536,0.07459614633485415,0.07168733307919581,0
675,0.0022688019475247106,0.007498897209408715,0.0948367397248877,0.09072861962831648,0
676,0.0015421601367942204,0.0044427145604243375,0.1239558239708659,0.11245747988732763,0
677,0.0037677335609829225,0.003482673831014397,0.12946843151882675,0.12666594948889928,0
678,0.0016186498802527596,0.0016895094980630837,0.08560239017918586,0.08269287758798044,0
679,0.0008705673535957934,0.0019655588391331697,0.0621667245887262,0.060617763341401655,0
680,0.001542715970345083,0.001948049288453903,0.15948584226203333,0.15283967717420288,0
681,0.0019110895778287392,0.0020177613978370054,0.0695913754254626,0.06392189749378571,0
682,0.001542715970345083,0.0020525929933182803,0.14752245184962745,0.136481422321653,0
683,0.0007465053470646839,0.0019841050798442735,0.16007550301862764,0.14926561720688133,0
684,0.0004099248818736808,0.001957125510704472,0.14893213854975731,0.1398548565741369,0
685,0.006531290097900695,0.016967248558015808,0.1443512876239181,0.13898961963661055,0
686,0.13792878025450878,0.060499925791640034,0.11735675534323263,0.11870373439595873,0
687,0.009673067981260962,0.005402950254775307,0.15846360246409424,0.15237338634349668,0
688,0.009066512344365663,0.008643047404185745,0.10994557669770506,0.10035613568563832,0
689,0.00539426357912203,0.002893428445002844,0.09519636229231655,0.08719971427781358,0
690,0.005768897496617059,0.00934416004957835,0.16006724409992462,0.14637110854867968,0
691,0.002637507760733352,0.0035515379133685882,0.1369273146825455,0.12744563131547063,0
692,0.0023490067363594975,0.0023843773188167395,0.1775946732585797,0.16409506529352488,0
693,0.00301857532325555,0.012639112487087361,0.15994475104923894,0.14963691090091963,0
694,0.11561707467370143,0.05910827190151447,0.1481123567876636,0.1373036921398558,0
695,0.004025595407060208,0.0026428918113789784,0.003357423239528766,0.006560572788401115,0
696,0.0017073230476468268,0.002199308191622797,0.0026899701937655417,0.005183540549431363,0
697,0.0014332424126584642,0.0016627237544324296,0.0029018583516436636,0.005449978755096375,0
698,0.004130916590695901,0.007055344272091298,0.11351397187438904,0.11040399904745787,0
699,0.010076014246721632,0.007963023003214066,0.09556369294952394,0.09121671519208956,0
700,0.0011415581486979526,0.0012064727761314496,0.0030893196253543374,0.005519770275486097,0
701,0.0013646024760696552,0.001361084855869436,0.003633595716731223,0.006048207408351861,0
702,0.0016594493938681158,0.0017800883561682004,0.003025667516959265,0.00556135225834498,0
703,0.001054905582861188,0.001636221614581191,0.003111166225261377,0.005897277575096121,0
704,0.0019785370993483896,0.0018624739122264236,0.0032141768440203354,0.005443254266818011,0
705,0.0062307316152202695,0.012207058914193604,0.10389949275783822,0.09548874378185063,0
706,0.002574007459836162,0.012174495327689435,0.0453831236799759,0.041888517765670756,0
707,0.003110063756684851,0.005007083828817836,0.003111441781368852,0.005575355914448768,0
708,0.10122920792796368,0.05847276521776374,0.17984150829826767,0.21704377112055215,0
709,0.22139548761019584,0.1404400237950488,0.2363969905446494,0.26034341396732463,0
710,0.23973769316199264,0.1644994484049106,0.23122921068454938,0.25537695460123033,0
711,0.040936440747455796,0.019737586129975098,0.11417229117141597,0.1306547239858206,0
712,0.11744578908792601,0.057327389475895225,0.028329883595361784,0.04497554996348525,0
713,0.14997206530007637,0.06825584999544826,0.07775824269664429,0.16733583920154535,0
714,0.10621915351474144,0.046001253373242595,0.13188487284180592,0.1721827374769787,0
715,0.10462752374150808,0.04394434958118531,0.060299051829838114,0.16671715602607173,0
716,0.13121978390182937,0.05328012074442627,0.00880817910832821,0.03203399364085332,0
717,0.0789898827540808,0.028751263636239182,0.01221815308245185,0.021793573132179927,0
718,0.002029869545160577,0.003817059508211126,0.0027663344537516895,0.019645367232154265,0
719,0.009455512759039098,0.006373867073800654,0.023388163092459956,0.05443764317390057,0
720,0.03945205108362651,0.016642720667869582,0.007339153133998491,0.028193481529533448,0
721,0.10287765417424262,0.04880701067587845,0.1097976924381666,0.17158194512867572,0
722,0.13461969498216786,0.06113878738780659,0.08339806128150944,0.19558427565806022,0
723,0.004543268585235269,0.004134151645727051,0.08334467001077148,0.20198640205780458,0
724,0.009941788734292807,0.005610422720275991,0.08427901681259173,0.20206547465895636,0
725,0.005124981180332805,0.0042928590637707695,0.03969899173946759,0.09917197356241655,0
726,0.1343365741626246,0.07298807422590385,0.02610490469974399,0.05172111030727946,0
727,0.14308140123710197,0.07790694427311044,0.0764889243979516,0.07965804456721375,0
728,0.1332792907452759,0.07435913974432509,0.09826786898103608,0.12153254015933487,0
729,0.006089467846675341,0.006912735842211577,0.018439414381793265,0.03371423050247908,0
730,0.002046694280051247,0.003108771662190236,0.021276278837058498,0.05521893185115598,0
731,0.01271859617310577,0.007608850930092571,0.09151434220127594,0.15086786585936815,0
732,0.007821087529934156,0.006540371933487837,0.111481181554906,0.10503571946223322,0
733,0.0035758007726914556,0.003910022988827165,0.0030639615014396754,0.005022868308959448,0
734,0.006222745789259784,0.0052683202719379756,0.002739551794166666,0.004370051887239379,0
735,0.11099953502788214,0.05413438522340554,0.0042421152551686304,0.007961539164013046,0
736,0.102886770703205,0.05171249771244603,0.0041385885217050875,0.006780901401622456,0
737,0.009307098637492295,0.005332294519183979,0.0031103394104639737,0.005447159819072495,0
738,0.09979132892113604,0.04557620490657598,0.003743077744500084,0.0064069610064658765,0
739,0.00906603952684588,0.006241629555533289,0.0031334077567555844,0.007141229898361175,0
740,0.0039401384947771595,0.004643480296368227,0.0035151055571901895,0.006000551329427055,0
741,0.0014756830972693768,0.0018982879561492301,0.0035707622345275466,0.005866343721420086,0
742,0.1237914553473284,0.057358459804575636,0.003671386786050294,0.006374793817785918,0
743,0.0037272400303938152,0.0043093405387619335,0.0034281774383332158,0.006136252250553234,0
744,0.0643095384469036,0.030559488299737238,0.003419663946781378,0.0062563767091991995,0
745,0.08129768833702321,0.03883073636897093,0.0033650752054814478,0.005698596981840064,0
746,0.00243678654572168,0.002983492707123542,0.003192766601771613,0.005582979467573713,0
747,0.0023744178407147584,0.0036210500936494036,0.0030684352566991246,0.005339822572330446,0
748,0.0734707840182232,0.03286763135557955,0.0036276922266962556,0.006088897206156921,0
749,0.1355136420731458,0.061066103511765356,0.0037018513886572756,0.006246549141844199,0
750,0.13564698520548138,0.06173130308618421,0.0032423276537914118,0.005702327651294867,0
751,0.0035949305107650024,0.0044726642952406595,0.0029006763318994632,0.005449545167542077,0
752,0.0023610203323144448,0.002070359730575495,0.0029411815137534505,0.005243142970028449,0
753,0.0015208879436612785,0.002066361239296391,0.003172833501459474,0.005468374447002284,0
754,0.0016117495542156551,0.0018624739122264297,0.0036106362460803193,0.005162070846601276,0
755,0.0021615958388756912,0.0021950063621904914,0.0031467861977715673,0.004983194820977654,0
756,0.1123348811118047,0.052833936614860175,0.003483500202748878,0.005892066371381407,0
757,0.12266974046739258,0.05673457003162152,0.0032568383264715076,0.00560136021827698,0
758,0.003062282158205052,0.0021684714503543566,0.0030338736912996216,0.0059610423975197755,0
759,0.002230309358674473,0.0035261646911497967,0.003044311522735859,0.005321204505683304,0
760,0.0018826148525727692,0.0023403665717107443,0.0035798743952646043,0.006059916648936718,0
761,0.00040572041296679155,0.0018889290431503072,0.0033374460225389156,0.0056542638276695385,0
762,0.0018323042379206022,0.0014760213214580816,0.003167153958608725,0.005380379885534605,0
763,0.00119799214738044,0.002043362623925187,0.0027882518577948853,0.005391786444083358,0
764,0.0018351095024944396,0.0030197052898929037,0.0034261761670369593,0.005233670255931873,0
765,0.0019426799754381735,0.0023903160012875638,0.0033970252458970732,0.005846169152685787,0
766,0.0030369805776143057,0.00230578298213005,0.0034456389804416775,0.0048746091889300775,0
767,0.0016942167424418809,0.002421743033327583,0.003711565729528322,0.006078215773919917,0
768,0.0012325600957254674,0.0013250173876235443,0.0035722025420420675,0.006025897167473716,0
769,0.0033268970783743882,0.004116394902621583,0.0037134131988958556,0.005957672056491796,0
770,0.1367654152429786,0.06331009962522381,0.0071440450707260525,0.0077905291248649205,0
771,0.0019267270413597004,0.0033233151280692105,0.0033655847179691035,0.010224211414814366,0
772,0.0023021877827635318,0.005819837660706305,0.0035877688119513793,0.008300534066221213,0
773,0.002785483140090995,0.003368513159744579,0.003308808960223274,0.006399211317189146,0
774,0.0015892514478864147,0.0023057829821300437,0.002773762530100267,0.005248548273494872,0
775,0.0018011579875241305,0.0026059768440853926,0.003477095345816075,0.004955139013842374,0
776,0.0011972762870551617,0.002830264470932944,0.003036698264755001,0.005058028113128146,0
777,0.00144752757376762,0.0031689955950246224,0.0030355687507621367,0.0054955300619344925,0
778,0.0010327291476739783,0.001873857559957381,0.0027486123197896345,0.0052085522953343255,0
779,0.06541098832528053,0.03065980478557558,0.0034687019191788856,0.005705227596526395,0
780,0.053974937663211806,0.025057306719554025,0.003989010968247791,0.006275609159385328,0
781,0.001240878930944513,0.0022815732641198075,0.003775008062382956,0.005605366386342796,0
782,0.0013950480716036502,0.002249238476464326,0.002900971881987546,0.004743665560403714,0
783,0.001047565601757844,0.0017654262031132756,0.0030395202133843527,0.005072256724553003,0
784,0.0011172668984443176,0.002042205894353907,0.0033348761861506622,0.005204240673046042,0
785,0.0010032525978208545,0.0019431913026162232,0.0031584797787909944,0.005359919165375286,0
786,0.0015354744399793546,0.0021371898231707584,0.003247611763643029,0.005480460221040244,0
787,0.001788259992206301,0.0022602423879252167,0.002953979436799045,0.005236378494279198,0
788,0.0005856069741052581,0.0013241254202470412,0.0030086181653287743,0.005017926276957735,0
789,0.13551117468182775,0.07263879225239485,0.16266015638324824,0.13160670988576728,0
790,0.13467374716544792,0.07086748129771539,0.11253226941552344,0.09347382446499887,0
791,0.08566702494680968,0.041017798939822145,0.006092845880134117,0.009852048235892063,0
792,0.09176982597901928,0.04245185196607701,0.0038429830234491657,0.005156116634868051,0
793,0.0020675326739920423,0.00216137689784035,0.002949913392976663,0.004744412692403695,0
794,0.0012783144337349857,0.0020294383552616683,0.0028309721461330386,0.00461412723408503,0
795,0.00159732286317392,0.0028498167619269085,0.003137509256513054,0.004360579122496681,0
796,0.008375408185700076,0.004133294204745991,0.06520083461136984,0.06400608799612041,0
797,0.005601660541575622,0.002864702731372047,0.011222283339278627,0.029372574106482936,0
798,0.0016344625306382464,0.0023629744800134187,0.012031052643438586,0.029547429111646085,0
799,0.0015499236673093275,0.0019395398281039482,0.012454787919209336,0.03197138075131504,0
800,0.0010924356447224216,0.0028535455344539783,0.12220332345470186,0.11513900122471349,0
801,0.0017043074614583097,0.0026199936506943375,0.12626436003298977,0.11798124710811947,0
802,0.055261133420705516,0.024194734151887876,0.10594380352891263,0.1133450513327587,0
803,0.0034696904349923777,0.0025398524881625885,0.0034349231206816187,0.006592729569442648,0
804,0.002186048166066365,0.0014704075280944262,0.0024525678712804867,0.004317557683207737,0
805,0.08327044952478856,0.037733926960446786,0.002755465948363827,0.004739429587686177,0
806,0.11579878544510913,0.05147920643961184,0.002753287098925276,0.004505562619469235,0
807,0.13984568582413043,0.0627090643255202,0.002659197358198351,0.004449623505238878,0
808,0.002319624632610611,0.0022084217563826496,0.002847880833190685,0.005104762593325522,0
809,0.0047390766755377005,0.0031250708876648034,0.006914131371331282,0.01342081023813448,0
810,0.0016723155299836283,0.001741167285492135,0.0033904570344728334,0.0048498241154551775,0
811,0.0015860113804022434,0.0018110143999703044,0.004306700365524489,0.005171903153639265,0
812,0.001401180180594589,0.0019094581026423924,0.0034191624930142036,0.005034850191030985,0
813,0.0019052486885332745,0.0013877331885656181,0.00341665412022187,0.005480460221040247,0
814,0.0037235578956047455,0.0023423849994871227,0.003567158921455428,0.0064689895723332655,0
815,0.08439930364297077,0.061125510037264234,0.014853825951742668,0.039577607949946865,0
816,0.12522084742965675,0.06394244739177493,0.05084603160563421,0.053143704313197294,0
817,0.0628946388550552,0.02838538622652039,0.047631271211846904,0.04804979793178577,0
818,0.0018989384082137286,0.0024853065368743957,0.00283369641827535,0.005495745045995682,0
819,0.001690163586534023,0.0019437992148171163,0.0029062866440895353,0.005249673677859189,0
820,0.0016537565832862805,0.0018656430040405651,0.0028986066374997355,0.005240663676061985,0
821,0.0010032525978208497,0.0032416097893585277,0.00265435687601349,0.005742176398549642,0
822,0.0016764118387046691,0.003347049599392569,0.00997269935926518,0.018685158834768557,0
823,0.0028766359334390606,0.0036086301722713086,0.06474720018203795,0.07543454767536403,0
824,0.001572984372265334,0.0019168687052770082,0.005813310727860299,0.03503798910510277,0
825,0.0020988108201337734,0.0017452338553414167,0.004878144759670043,0.02196351588989675,0
826,0.004893761600886381,0.005003070890611482,0.16071397946712387,0.1783564762174215,0
827,0.002026910858149943,0.0033870514023658475,0.14135356952923295,0.13259141904564137,0
828,0.0024276216860858787,0.003288649782403765,0.09498269822953528,0.08449481533517615,0
829,0.0020832304501345175,0.0018713338449267332,0.00307903437377648,0.007466687201790103,0
830,0.0011792385536987437,0.0018612047646090503,0.004152031912043584,0.006766075166364903,0
831,0.0014498947504491286,0.0014919443423281355,0.15226121988521168,0.1399483347146867,0
832,0.0005616944773371408,0.0016570294782747468,0.003215776865779105,0.005382575331778327,0
833,0.0051120839117173205,0.005475931181656524,0.11490101304320127,0.10498684542677433,0
834,0.0049477724962751855,0.004990302505122075,0.10756647703707392,0.11566889589799356,0
835,0.1340389379988622,0.06409647221550176,0.16390246334241576,0.16036180147529136,0
836,0.12598016261198472,0.061460697171333734,0.1174912073878002,0.11147372684600447,0
837,0.0016438771126794207,0.004163767107048512,0.002826729170828482,0.004017624216850823,0
838,0.07409613097533772,0.03462064874422054,0.0026120303083926196,0.004953708202219951,0
839,0.1324880096549569,0.058975119709937955,0.0031202467279603163,0.0049472644290368215,0
840,0.09143564228671493,0.04154193681302899,0.002940306899614929,0.0052815350492419035,0
841,0.05482923358909075,0.02394232397088165,0.002885860235772257,0.005016513373571462,0
842,0.13671330003344834,0.06133303753592955,0.00275702121515152,0.004807494542973339,0
843,0.11518865363361934,0.0526133442071291,0.002816702583353934,0.0041438569104782184,0
844,0.002005222947009966,0.0020060164703698436,0.0029277420523975833,0.004639662167481114,0
845,0.0021993420889308384,0.0024757806047839906,0.0028066401766048965,0.004909146203376398,0
846,0.003978034683751543,0.0039133453989802945,0.003085987624069841,0.004981060537995487,0
847,0.0022299249219985733,0.0022727530502061103,0.002843361580145208,0.004254153980165346,0
848,0.0022657768769159662,0.0027278061287401697,0.002289116613387036,0.003832812764302537,0
849,0.10068182338954,0.04755190676964607,0.002942055867886744,0.0050929451928368764,0
850,0.07536651414286479,0.035392612944507185,0.09402722842081071,0.09273191690080766,0
851,0.0033028441000930997,0.0027510953309270807,0.01456278681932584,0.02987367068805024,0
852,0.0014157888832257361,0.002093626117854151,0.014490903442466079,0.028062767211942626,0
853,0.0010549055828611945,0.00227327283364348,0.013960924303476738,0.026013392653660098,0
854,0.0014036255230842412,0.0027195643485210404,0.00392684300958772,0.008732530495044428,0
855,0.0017163380164049507,0.0016796907627897235,0.004541947456114127,0.01051452771196458,0
856,0.0010227186127025239,0.002126104738967152,0.0039410087628153284,0.011147002784493449,0
857,0.05390007202277522,0.026371007881967178,0.09061008166789623,0.0831982253836843,0
858,0.1070236278926185,0.0519104307113239,0.0886096211028409,0.07591418271967511,0
859,0.00386056706354471,0.0033709674501683556,0.06792951291066229,0.07312351657810627,0
860,0.0018224518072775305,0.0018439857791955033,0.011140239596687548,0.023543036649276722,0
861,0.001262794601572753,0.0021349774107525016,0.014925225146677448,0.030313305706167026,0
862,0.0012491423669659125,0.0022078867056767176,0.014198403086465796,0.03241544183819214,0
863,0.0016154687768566056,0.0020265254237254705,0.10776411870936975,0.10677463325265128,0
864,0.0011872089203573757,0.002227067548969915,0.002992617803340826,0.00832824356222595,0
865,0.0022410468110523416,0.002808894191394526,0.160041071974643,0.1628464243989057,0
866,0.004467916415053742,0.006205750732587433,0.15825206382997722,0.15477415859933571,0
867,0.12919803813907124,0.06026008924145005,0.14652983586407894,0.1426559936146312,0
868,0.006549641609479098,0.004461291191194271,0.015228596484628269,0.030387463214373703,0
869,0.0008774339067023643,0.0017075945118830917,0.005063214927757259,0.01632969044930528,0
870,0.0033095861928911243,0.0025075500360640527,0.0080187537387448,0.017978865454320935,0
871,0.053799547297701165,0.024703056911927937,0.006428887139241785,0.015985357785050298,0
872,0.001938261775551081,0.002276907995265415,0.007945070337081962,0.014097034103328155,0
873,0.14607271945506672,0.07088856773780117,0.15992331409872124,0.13944305909466645,0
874,0.20051714619385794,0.0991891596392569,0.22471471778585123,0.19267808397783234,0
875,0.03842059311500334,0.018491810888695823,0.004336458195866688,0.010714657028402482,0
876,0.001742119233539513,0.0021613768978403455,0.0062871665835123255,0.015325932777516189,0
877,0.06559880347866603,0.03271255200379718,0.11841953331716963,0.12008308796463751,0
878,0.005617250033814308,0.012655273787294368,0.12775413093055613,0.11866163511595985,0
879,0.05436289243660673,0.025365056788032494,0.12145155457934398,0.11533504042611904,0
880,0.0011922532298385144,0.0018669091344910506,0.004041748864295029,0.007196768598535705,0
881,0.0019867531121579777,0.0022481876759040736,0.0632785392165245,0.05795839310067916,0
882,0.002954559843413697,0.0032101122123500557,0.14601840696113544,0.1395308690632653,0
883,0.13159423959941255,0.06316431448071391,0.13259793983631124,0.1297372471888029,0
884,0.0014332424126584735,0.0023337946253895636,0.10364580890563642,0.10091189844432147,0
885,0.002057556583584075,0.0031600351748419194,0.1175818309453035,0.11173474234320692,0
886,0.0011572222074050218,0.001949261893170424,0.14029724837371033,0.13208936082764705,0
887,0.007385500011863797,0.005547313251477592,0.13814371703746536,0.13079102619477104,0
888,0.0073396203876523606,0.005294270541548454,0.09232945015678985,0.0944132086614699,0
889,0.001977670270347592,0.0026096012920734987,0.006022790506647932,0.01276736742940786,0
890,0.0016687230112694379,0.0015758995390816933,0.00925888888148119,0.02188651128392724,0
891,0.0017982997609348546,0.002106565486152285,0.004068599014696193,0.006633641419892444,0
892,0.0016661521839667457,0.0014720136536721911,0.014308416949838497,0.03446152754750393,0
893,0.003426176167036954,0.0069188859642841,0.018690451851087104,0.03306642509871718,0
894,0.005560183257778673,0.006049574654235164,0.0036184635501340695,0.013861231652026924,0
895,0.004700385239443343,0.0037634447077183083,0.003363291303925626,0.013622041656946722,0
896,0.0012989391049444425,0.0016085487594509542,0.023094827478061544,0.054785476978052,0
897,0.0013689933020945204,0.0015045614324346313,0.0038447673453205697,0.013974135573564304,0
898,0.001603216075039391,0.0019721597269637845,0.0034033288795350227,0.014435421017836394,0
899,0.0017302679447108167,0.0022774268304083705,0.003479806531682817,0.013253650921912965,0
900,0.007618406884433919,0.005394853319975012,0.1246670394021848,0.13404755737069976,0
901,0.00809038871592459,0.0076837909082768,0.1543886845342252,0.1477121443864514,0
902,0.0012037037037036997,0.0016376651275347208,0.0016249934050726225,0.0033371512476819925,0
903,0.0018294946718857004,0.001834993806101539,0.06232038663109454,0.06044092086437663,0
904,0.0019497282706105686,0.002376435990116895,0.15960308492880979,0.14666914595200695,0
905,0.0013987305630208573,0.0020635004304494307,0.06270747456448189,0.057756987154952866,0
906,0.0016496040178290699,0.0032717210746287875,0.11880727988253255,0.11013171998426191,0
907,0.0014433756729740448,0.0017248051313179706,0.1048058414559617,0.09768008428428232,0
908,0.08799293836238276,0.04405334345930272,0.1047186854693075,0.11936194182778619,0
909,0.010868966405644259,0.005994838674830214,0.07460052506646346,0.07691866853370584,0
910,0.002588952471004325,0.0022387082759487654,0.006800609187591898,0.022938027794311956,0
911,0.007664295571792421,0.005316095330711951,0.13234125516606696,0.1421868512262147,0
912,0.005444255476690393,0.003464306246476512,0.15958269267833883,0.14554804032204588,0
913,0.0021251966745103284,0.002816455158481194,0.07556766197488954,0.07069169463226284,0
914,0.0014981698940874791,0.002064072909425751,0.0024304453237790208,0.0044708148312358545,0
915,0.001682027974498614,0.0021706497245854873,0.10262226305812726,0.10003142228437226,0
916,0.002554951619459323,0.002401165438518959,0.0025347380770686296,0.004483481549565366,0
917,0.01082296116320261,0.00824956320090167,0.15967821186469763,0.15153654565545285,0
918,0.0011408068763897386,0.0023160082339850592,0.14370545770216314,0.13445502793448075,0
919,0.009917613296451041,0.020591099624422956,0.1411413037593395,0.20055293956708314,0
920,0.005443940515857232,0.014011371293340593,0.059771383727978064,0.14366908423733848,0
921,0.09692369511578229,0.052467628871477365,0.07456083126078357,0.1240468194737378,0
922,0.1607319239346749,0.09106653812861054,0.12884581815475069,0.14414766439085433,0
923,0.005267696674817902,0.008570981287276456,0.006929118891644192,0.014918097128258902,0
924,0.0956254230649526,0.04488059141569222,0.08436014513851606,0.18152753830882315,0
925,0.03901379851568892,0.018534760170921358,0.024586079570398683,0.05471335771351758,0
926,0.001571893915030452,0.002560238351380396,0.04695456096707139,0.10187078067155164,0
927,0.0011958432808120633,0.0008910391970399691,0.024317924542333776,0.052774576783062695,0
928,0.00313641604767967,0.002575421855069369,0.0025095838248476473,0.011212208104829818,0
929,0.0019957946184720687,0.0019285439231492946,0.0024501196745777797,0.009703423479430963,0
930,0.0014356331439492043,0.001726174567922202,0.0020939032277121476,0.007140402629855417,0
931,0.0014194175663662925,0.001988268998547734,0.002046694280051261,0.008208788918040536,0
932,0.002072916343549005,0.002411476185099986,0.002109811165722396,0.0070849223541055925,0
933,0.0021667458041894315,0.0028135171968575613,0.024384571737479863,0.052726444762715506,0
934,0.002055889195479124,0.003105729810520323,0.024543011152535266,0.05316622024768482,0
935,0.012690320669042503,0.005570267749195868,0.09987672442718838,0.1801433345505372,0
936,0.004929196908965246,0.005133151454645845,0.12770656899337776,0.11565343044430187,0
937,0.0029177687512201463,0.0032789354628257293,0.004261674033671856,0.008590258033451925,0
938,0.0028026662790287564,0.0029384035633222994,0.14059196571299964,0.13022206386332616,0
939,0.0019763693139934423,0.0020703597305755093,0.15332752382088,0.1473378365890352,0
940,0.1049265779613946,0.05069327964468481,0.04438852577919749,0.043502982102332256,0
941,0.07446215470192373,0.035218699653635784,0.13056960129330641,0.12241255896995527,0
942,0.0029408900046081848,0.0027347273098715474,0.083229595925128,0.12688794492428251,0
943,0.0017650975250610521,0.0019316046200808252,0.06518109467384434,0.11040427728283016,0
944,0.0016485642421078433,0.002138295170968044,0.024572406373956513,0.052945227074244275,0
945,0.0010143010324169769,0.001824663005890714,0.04716298026862732,0.10226982085194462,0
946,0.0028176155656857173,0.002851888904105671,0.05644552589612383,0.08464964490092414,0
947,0.038718918682256374,0.018227389079772408,0.02443185001027458,0.0530101240464288,0
948,0.002299206638382191,0.0018964198684838552,0.047023456044631,0.1019736473982622,0
949,0.0011609205939746253,0.001766095305355637,0.06024142671331265,0.12948523027057202,0
950,0.0012776435785674298,0.0017860518179516264,0.02391120117932461,0.0521411581964942,0
951,0.0013820820857070517,0.0017465872745873502,0.0028808054048340844,0.004414970665082039,0
952,0.0006928995160692515,0.0017158771531018324,0.04569918640260549,0.04281775465179778,0
953,0.0022984607481311347,0.0019983452511793754,0.08409014367554907,0.10317189530631106,0
954,0.0020700191844203485,0.0018175265187894405,0.07342986071377532,0.1595863997905512,0
955,0.0009675815168602323,0.0019535000821316833,0.08440530688235176,0.18446254890104374,0
956,0.0018762284498853223,0.0017853901947327995,0.07159399128751913,0.15443081051491928,0
957,0.007540812595160825,0.0059566804168010926,0.03412800181001785,0.07362064927722385,0
958,0.002514362038550801,0.002358470235672261,0.0469821603186041,0.1013235193652468,0
959,0.00483258827803699,0.002622697928363165,0.04728061023561774,0.10157051244386651,0
960,0.0038979172096631548,0.0027648037699949768,0.05652791048608804,0.11949912204753776,0
961,0.006038996500909503,0.002939609557037481,0.07461861190613475,0.15761055471167448,0
962,0.0033546131453986157,0.0020732110743458174,0.024754591099859884,0.05208316383085209,0
963,0.0011929721043264002,0.0020317656935897807,0.0785156249466829,0.16707581788665674,0
964,0.001409112028129399,0.0023524511610293515,0.060745483103035125,0.12942941343598002,0
965,0.010167071434970153,0.006075688327905323,0.14080051727637552,0.13476133247218447,0
966,0.0012553042466727623,0.003421410403523429,0.002063381831270851,0.008766423959398542,0
967,0.0017660686929612643,0.0020054274183910993,0.043382984375597455,0.04606552003511803,0
968,0.0018402413809585072,0.00246956904470004,0.0026778315654656247,0.010584635045896506,0
969,0.001251884724530048,0.0008709228532178298,0.002398487749442325,0.009089452538410389,0
970,0.0016972502573910527,0.0026154803077208535,0.002265398459063317,0.009113986219076272,0
971,0.13949828654099589,0.09465026160916994,0.04715830823582728,0.05235597762619572,0
972,0.15486078309216214,0.11182336953220007,0.0499622285315156,0.17206589716693976,0
973,0.006134075818361288,0.02142738429513899,0.10305167042026071,0.19807345976464893,0
974,0.007656349293188889,0.007150984439215728,0.1038472221190251,0.14146823272228015,0
975,0.0010924356447224216,0.0021020738701971386,0.00421270858002865,0.006083267515677477,0
976,0.003435172706376461,0.0034351953521962234,0.0036550038984852597,0.005397480683760617,0
977,0.002040821400570392,0.002219095679160848,0.004186987484759291,0.005984976465218972,0
978,0.0023192550007649884,0.002131100162287387,0.0036032678355418252,0.0055223382078304056,0
979,0.0005797213274999445,0.0014172179141744919,0.004160283175969205,0.006502507877400246,0
980,0.0007943559477602708,0.0015170735932493852,0.00395165399206164,0.006210508504061249,0
981,0.0019289506162962647,0.0026437857372666736,0.005320812205293994,0.008374927700503325,0
982,0.005340754867192498,0.003748660756446054,0.09522009015577007,0.08875747791920661,0
983,0.0381072911377873,0.01890723299050598,0.12060321496350589,0.18725290586835674,0
984,0.0072661295909049435,0.0038343537175125003,0.08088836105851391,0.15934248760260875,0
985,0.0097476739161918,0.0058108984367928945,0.03694650973527345,0.09051476657354807,0
986,0.003926406329796592,0.005131079546809815,0.165294661447007,0.18713999465438663,0
987,0.0023018153508622273,0.004886712820784195,0.06271217756834402,0.05864182314312963,0
988,0.0023866627583479473,0.0019983452511793693,0.0770565658117793,0.07242764135683404,0
989,0.0018285571905677358,0.0021227679259157757,0.003351544901026099,0.00610614212450156,0
990,0.03865545016114149,0.018476854166404478,0.0036467848552555644,0.005538360809272558,0
991,0.0007533646521039953,0.0023684680347764876,0.0037002298523496615,0.00620498915060842,0
992,0.00083333333333333,0.0019082202042285566,0.04542002196236511,0.043398595492679715,0
993,0.0010565297648589495,0.0016627237544324259,0.0031717524678671247,0.0064100951218136705,0
994,0.0015789684257253556,0.002276907995265413,0.0039644337872856905,0.005921070319123686,0
995,0.006720844670606489,0.004279076009301975,0.004364638425700991,0.006986010866444946,0
996,0.0027560881603957864,0.0031675039519224357,0.0023650113030700038,0.004805773937462741,0
997,0.002416648928557006,0.006875891418407622,0.09401932279582166,0.08737570161385931,0
998,0.03874346708061389,0.02028826986561167,0.12740066465792557,0.11713852615608114,0
999,0.0013074913413410275,0.002391798367942462,0.14918157499585588,0.14149526400325108,0
1000,0.013969273551854072,0.013934256925579236,0.1301778025934754,0.12346197458424987,0
1001,0.007254084512361493,0.009629232430586995,0.1285521022936429,0.12318341635249531,0
1002,0.011206458186039242,0.012071482901155608,0.1562219083115052,0.15781595068659984,0
1003,0.00364443315264737,0.0024149033177389176,0.07871840821240735,0.07489427015014734,0
1004,0.05328970373351204,0.025519044743337795,0.1475096367547833,0.14015317875834302,0
1005,0.12394749624101735,0.0560271841932114,0.1531266163375962,0.14293305503998152,0
1006,0.009959881803607825,0.007609782531066992,0.008264945725554704,0.007863287190751352,0
1007,0.005146182678366768,0.012129188030055062,0.0038910928498982734,0.006378684672206968,0
1008,0.028934585178964252,0.01883874712380595,0.059321379477386874,0.1526953720780832,0
1009,0.057227930315803435,0.023246541706741057,0.12727643866063518,0.182249348810296,0
1010,0.003149781711251158,0.00916079321484454,0.012766970738516412,0.01567774179854042,0
1011,0.06396664618703259,0.027478768225916,0.005690189617887713,0.005924062622762534,0
1012,0.0016170601107937897,0.002711733239915251,0.002492443999753399,0.004776181452034661,0
1013,0.052029078737697756,0.019932838556764983,0.0030645210780129643,0.004781373358244077,0
1014,0.0024810668531433933,0.005753892411472229,0.0020218287502157335,0.005537080707369576,0
1015,0.001789697693088833,0.002131100162287391,0.001977670270347598,0.004127859609136558,0
1016,0.002030714092542723,0.002417348294894216,0.001962875609516869,0.004057421028982232,0
1017,0.00211427637953356,0.0033618424824977526,0.002258576095861197,0.004271338071669737,0
1018,0.0015962490325562996,0.0028348526265025947,0.0021328478099764342,0.004763300947538829,0
1019,0.001752423366176397,0.0029267200038774477,0.0021588176919694947,0.004931237953138404,0
1020,0.0018411729129751112,0.0023200857164270856,0.0023170359713931407,0.004342932028150371,0
1021,0.002333627259559017,0.004291758048347742,0.002137264895741262,0.004491117046475392,0
1022,0.0020425010892502517,0.004971326098316562,0.0020869310499230763,0.004573491466767752,0
1023,0.0014284489463464278,0.002233953491941758,0.0024651201914509214,0.004843729991116682,0
1024,0.001215751671271836,0.0024905302689977337,0.002128421557510305,0.00497417717450103,0
1025,0.0041071886526257585,0.0036799538708376994,0.0021488664188695863,0.005001181334924933,0
1026,0.004464653130089344,0.0040971196484833865,0.0023409634211941427,0.005004959732921571,0
1027,0.0012729376930432944,0.002630344949957247,0.002136061141832333,0.0043415715882998895,0
1028,0.003559459662142525,0.004804544556271145,0.006916362976128303,0.018964447884235257,0
1029,0.0015833062592443751,0.002174456453821319,0.004359724950738358,0.018849154960425073,0
1030,0.002561988682299454,0.0035707803894655956,0.0063111208920112035,0.016894395665869016,0
1031,0.007872222004408545,0.006135289474639165,0.007292981950744293,0.008545994761584417,0
1032,0.003768416142025559,0.002535196476019692,0.00271881873405382,0.005630392815019015,0
1033,0.0011929721043264058,0.002109367889261974,0.003111166225261387,0.007192663243671427,0
1034,0.0014457496477245865,0.0018317716898209402,0.0020617191542633188,0.0042580403206640425,0
1035,0.0012729376930432944,0.003171976776864525,0.0019545592299198204,0.004364912080090357,0
1036,0.015051010657450865,0.009059507116126441,0.0461840305478052,0.10992708960195112,0
1037,0.010959302441931119,0.012910188529370675,0.028449471488650523,0.07307934548995411,0
1038,0.0015849298859836813,0.005127163658726417,0.0037111037184815905,0.006055625889611559,0
1039,0.0016594493938681353,0.002000118143958515,0.002383787260004603,0.004417110997611155,0
1040,0.0018481444370184684,0.0016789872273608284,0.0019854581072759024,0.004098849485861914,0
1041,0.0015967860381333198,0.0022706727266120896,0.001993645598123972,0.004263031838221032,0
1042,0.002400988593831553,0.0030298608401666005,0.002544191048895207,0.004629720295968599,0
1043,0.001337954953199149,0.002189617190390522,0.0022763470363509983,0.004593339881452345,0
1044,0.0016728281171312985,0.002285712175937457,0.0025044541938969178,0.004826870285037937,0
1045,0.0017431032038148365,0.002056043698460979,0.002844266005205494,0.004853963749676733,0
1046,0.001036044498570328,0.0016916060980400496,0.0022593351535522147,0.004963477194479031,0
1047,0.0016584157909065342,0.002038731767833131,0.002241429340168554,0.004699625935321558,0
1048,0.0015827646802104957,0.001858663869547738,0.0023555672023937604,0.004752126178208083,0
1049,0.10328403842120326,0.044792131743896395,0.09187598622596191,0.09198773753241625,0
1050,0.03627522063851733,0.017386820074048466,0.04583552183327245,0.05024411109207618,0
1051,0.003429427639840188,0.0060329514199551374,0.06170737450732372,0.07067048257759723,0
1052,0.12829190047853786,0.06020143800604948,0.047422740575921364,0.05158370883344113,0
1053,0.008045118824471334,0.010171148825526147,0.01661566269859798,0.02371135299533886,0
1054,0.011792530941584608,0.012315941687899281,0.019916061856960092,0.019468298597554792,0
1055,0.0022383672767987708,0.002712168894707986,0.002331421909632244,0.004400227696462807,0
1056,0.0027768516974794027,0.0055402804075542,0.0028828878791943074,0.004050134773364922,0
1057,0.0031973282742437537,0.0028206469380867827,0.002696972849592727,0.006553004765416889,0
1058,0.005330953687227416,0.005716605996654217,0.0026475653334313426,0.0061408714737785355,0
1059,0.004359921596053216,0.0038380494809897286,0.003074018294897784,0.007311913783395111,0
1060,0.0028694741731157595,0.0037665827427067035,0.0027310891118060457,0.005877209193290749,0
1061,0.007575183292860898,0.006256754384289892,0.0033010265685140495,0.005859088879277567,0
1062,0.0031213455998830857,0.0036632208704305068,0.0028816980781204457,0.00623215789758985,0
1063,0.0024009885938315566,0.0028836118655783693,0.003157665352774067,0.007039417777522714,0
1064,0.0026139989284246472,0.002524923027519061,0.0028103034022361442,0.006830723985796263,0
1065,0.01285957447556993,0.014562864832721133,0.07019055974730935,0.06588552683634576,0
1066,0.007035818607967735,0.0061736834005056175,0.006578506591255605,0.0225898228084675,0
1067,0.014071637215935457,0.009117874383337459,0.17312854909873054,0.15161336977371054,0
1068,0.0039104341445551265,0.006533142204938088,0.15804827056916498,0.13093121110563324,0
1069,0.12797182662124953,0.06550413412832583,0.13985949126772926,0.11876783519433444,0
1070,0.11384075315188887,0.062007149413998264,0.10967225772831676,0.09378796017869326,0
1071,0.09906252096017398,0.044457106406275516,0.0861316482877385,0.0731497189328995,0
1072,0.004527010841658507,0.00226128758677319,0.11686373714281481,0.09864785281892606,0
1073,0.002050042657390148,0.0019763488131855503,0.13976579346649745,0.11899116144838465,0
1074,0.0017460517876034354,0.002296026813962504,0.0974689813836258,0.0826564078461799,0
1075,0.0015897908171359043,0.003585638756624224,0.10030958594047763,0.08880591771269497,0
1076,0.002821264540535273,0.004927882553899634,0.0852508804648224,0.07220666163780962,0
1077,0.002339864463264315,0.0025468205464913027,0.16506071439802303,0.14150181854055288,0
1078,0.001656864177476925,0.0030597391687394453,0.17078265834773226,0.1447004107965423,0
1079,0.0018054368432009371,0.00434701079312425,0.16170610651240702,0.13700008796376517,0
1080,0.09951163327847828,0.03971302420006958,0.049811561920504156,0.047163593341283956,0
1081,0.0012037037037036977,0.001302534972082189,0.002399202542409916,0.006999696185683449,0
1082,0.0013283084326243982,0.002063500430449442,0.002478992671212087,0.005839496249345897,0
1083,0.04060927863998335,0.016779313711234967,0.0024145194093343203,0.007588482467698721,0
1084,0.12450869152841487,0.059669339335296605,0.11334851477839987,0.11642074630465278,0
1085,0.1022670074331299,0.050633626945872263,0.136905373436254,0.15143063819866573,0
1086,0.0026001872888120714,0.002616383599168173,0.0025276251480171926,0.007269456000843824,0
1087,0.002321471909030353,0.001944406936956343,0.0022425765360161746,0.006796564516353299,0
1088,0.002779629012756872,0.0043730248039232315,0.0031587512074666806,0.009905866013351897,0
1089,0.0014445631480189951,0.002233424557758442,0.0033315324353256543,0.010232989943110633,0
1090,0.0025215123817578368,0.003880602237283224,0.0026005169898580776,0.0073610313549594165,0
1091,0.001588172159851648,0.003140909407999978,0.0027112401305062475,0.00875469088411296,0
1092,0.0023077670488406564,0.0026402082177154626,0.002986882616384577,0.012957962423549943,0
1093,0.001668209162754961,0.002638865397478874,0.0023372982186625167,0.010727220116030504,0
1094,0.0032827959076362745,0.0019279312006800855,0.0023391315378075666,0.010251907471553426,0
1095,0.002113059529717907,0.0018253103938855062,0.002544191048895206,0.011489906806066718,0
1096,0.0029716308399779933,0.002058914868269838,0.0028592976393509283,0.011275255206078166,0
1097,0.002163974268906248,0.002557006017426805,0.0033635462049304878,0.018942817643229595,0
1098,0.0025799958528693458,0.008673068499802622,0.005754314895597517,0.02922405462320446,0
1099,0.03862065784810025,0.023894953631964307,0.08371650590396242,0.10885032473404474,0
1100,0.0027576430762658215,0.0020840106019490204,0.0039477468352777986,0.0236252944291072,0
1101,0.0034151482122135686,0.003177930750713849,0.004435562111873239,0.02315401094977676,0
1102,0.0030151651448105045,0.004069922875401969,0.003369912463806362,0.019278944311393577,0
1103,0.0017203295055546136,0.0018964198684838635,0.004243327692269134,0.02414648897990577,0
1104,0.07334312972351675,0.03384462161257382,0.0034649924732250486,0.021468258100277103,0
1105,0.11557295987166696,0.05455549454341997,0.03419681496331371,0.024974230575067476,0
